,index_,tree_name,r_raw_mean,r_glcm_mean,r_mean_homogeneity,r_mean_contrast,r_mean_dissimilarity,r_mean_ASM,r_mean_correlation,r_mean_energy,g_raw_mean,g_glcm_mean,g_mean_homogeneity,g_mean_contrast,g_mean_dissimilarity,g_mean_ASM,g_mean_correlation,g_mean_energy,b_raw_mean,b_glcm_mean,b_mean_homogeneity,b_mean_contrast,b_mean_dissimilarity,b_mean_ASM,b_mean_correlation,b_mean_energy,RE_raw_mean,RE_glcm_mean,RE_mean_homogeneity,RE_mean_contrast,RE_mean_dissimilarity,RE_mean_ASM,RE_mean_correlation,RE_mean_energy,NIR_raw_mean,NIR_glcm_mean,NIR_mean_homogeneity,NIR_mean_contrast,NIR_mean_dissimilarity,NIR_mean_ASM,NIR_mean_correlation,NIR_mean_energy,id_based_on_tree_name
0,0,Falcataria Moluccana,197.900284963788,71.05502319335938,0.2384652839680693,72.01696391284473,5.2939317326054685,0.0007107756724,0.9319756697766652,0.0265865203425492,217.72791444913855,71.05502319335938,0.2512523331976451,67.29967808557664,5.121651957179278,0.0008988364296661,0.923057538092726,0.0298997557522831,128.3172408235488,71.05502319335938,0.2167903915185288,63.573011757437015,5.245219737190147,0.0007063188864789,0.9286223321428014,0.0265038287578841,105.35119129265884,71.05502319335938,0.2335696346851787,55.78306449348891,4.8356224624804485,0.0006578077671241,0.9538225382372336,0.0255724484830643,148.1738261960935,71.05502319335938,0.2362350578985954,56.899104791541774,4.7072599586565165,0.0006930416576484,0.9589145189957554,0.0262476195647555,9
1,1,Ficus Variegata,190.28057222124696,35.3648681640625,0.1015880266751749,369.9118214878398,13.348730089527937,0.000171898300425,0.8695638815340564,0.0130786631357061,210.2398585969152,35.3648681640625,0.1230976203433124,350.6764950042921,12.843935480533847,0.0006361268388832,0.8513831481498385,0.0251395131461555,130.08785028070648,35.3648681640625,0.0932260687750932,324.7286237997159,12.890850327533505,0.0001908867070728,0.8341945420447667,0.0137845903057597,94.77600622338797,35.3648681640625,0.1437267960487453,141.85854850133313,8.393021337192167,0.0003086089884159,0.9098352341442462,0.0175194851252999,141.56413910373576,35.3648681640625,0.1757573657683286,86.41856758870105,6.485420961441322,0.0004133390776497,0.9388736191358564,0.0202743922524054,10
2,2,Bridelia Sp.,173.562047050585,36.852935791015625,0.1524453193683365,150.40890811459954,8.271919840524808,0.0002964786236297,0.9340259220286944,0.0171722290901192,186.69061696912843,36.852935791015625,0.1571778913035001,150.30203091568626,8.2230999873216,0.0003095249894536,0.9359727687309812,0.0175442727524188,114.88011746130316,36.852935791015625,0.1530364879116002,133.96388434772086,7.936081135668733,0.0003419845814925,0.9193118813549618,0.0184436977976774,59.8783766821476,36.852935791015625,0.2611240497926742,35.23227931004434,3.991795564434167,0.0009451208618591,0.9672772238791594,0.0306565156500144,91.708361685682,36.852935791015625,0.2561035898693878,36.24965441850953,4.037898521796517,0.0007570762403719,0.9777707201488824,0.0274365549962183,1
3,3,Falcataria Moluccana,197.30766107736997,36.881683349609375,0.2282393704174478,94.19354788162164,5.901113307739806,0.0005290448377849,0.9410615444105416,0.0229350492136886,218.20382228677053,36.881683349609375,0.2546549869569006,86.63961765881552,5.603269251922514,0.0012015149028839,0.935487803934998,0.0345902040236698,126.92313176656984,36.881683349609375,0.2117679677338187,79.21664407400664,5.694259315510466,0.0005883241070281,0.9367855641190858,0.0241891010780399,112.33774755743332,36.881683349609375,0.2180532328460377,60.24930976680382,5.10965292635929,0.000476553301461,0.9654193223041464,0.0217646949789741,158.82963097438605,36.881683349609375,0.2248004667073876,57.16833924222199,4.859971479127322,0.0004938363535551,0.9713185302256312,0.0221525827994014,9
4,4,Falcataria Moluccana,205.77194175267667,34.72772216796875,0.2674398979635473,54.57410965803576,4.522452525269396,0.0008441105252144,0.9494405386611692,0.0289722225585834,224.05360716350955,34.72772216796875,0.2981174616497642,52.69000597170103,4.328429644632415,0.0017399935322386,0.9465853230414696,0.0416299259057096,118.4774773511837,34.72772216796875,0.2437630467568098,48.32479316614127,4.485638665144248,0.0009001064175026,0.940666826337662,0.0299178335865412,121.98289379150825,34.72772216796875,0.2204251436796328,61.16859592704141,5.037615288702529,0.0005338845744601,0.9627673599182652,0.0230352624527688,162.95993481346488,34.72772216796875,0.2411663086086584,48.897016132295946,4.3876974089461775,0.0006383052394259,0.9675206567864818,0.0251839348761782,9
5,5,Spathodea Campanulatum,193.25526665733483,20.85357666015625,0.1068450672594973,297.6369404621768,11.958679593555662,0.000191980021739,0.8981568703193393,0.013821784188862,211.62784037887272,20.85357666015625,0.1310936441207574,280.07281105443667,11.396546449935537,0.0007118815214316,0.8908422453142761,0.0265885390765118,125.68641517357224,20.85357666015625,0.0978265845778701,274.67542854333203,11.86925706676685,0.0001912874102609,0.8743559543054027,0.0137976557443024,115.01844788167226,20.85357666015625,0.1315260569322568,152.23899135147056,8.728744652753067,0.0002166778635816,0.9424881162476686,0.0146807604870036,160.68117767823816,20.85357666015625,0.1634509721251965,101.38788275264024,6.849951764367312,0.0003046143448947,0.9595963904400764,0.0174021855896252,16
6,6,Terminalia Catappa,200.5036468757921,55.74191284179688,0.1492557745860171,262.5325781970919,10.414577044729594,0.0003087609360679,0.9065709260745112,0.0175229867262835,214.37918549465533,55.74191284179688,0.17104788761077,242.78160504905748,9.916404961232455,0.0009415938505636,0.8952268157986608,0.0305983086404963,116.27771319692692,55.74191284179688,0.1100938531305288,301.83006841398094,11.664005145492675,0.0001531384413518,0.9130112401468282,0.0123385316927242,117.28536311433142,55.74191284179688,0.1484640390422507,170.795973615206,8.685256584167313,0.0002337406751432,0.9319141027099258,0.0152390877712742,144.81038430947532,55.74191284179688,0.1790412090782596,109.14606864935872,6.840745990371037,0.0003500019078152,0.9427596383510768,0.0186475527392821,19
7,7,Spathodea Campanulatum,135.19011544011545,8.7486572265625,0.1063979144536199,298.9162047946367,11.914552146943802,0.0001697063805928,0.8959421130027738,0.0129959432123874,160.4327478077478,8.7486572265625,0.1066026055126075,301.53904778645483,11.924457984856108,0.0001706539285218,0.8985233812299308,0.0130323418678186,86.5808497058497,8.7486572265625,0.1079597722881053,240.66747444859945,11.028490086387604,0.0002484229315741,0.8409144678034803,0.0157264280600913,69.88913863913864,8.7486572265625,0.2093275037593894,64.13893877871391,5.413703795699538,0.0005072773317158,0.9580985404500104,0.0224594340763295,113.32342657342656,8.7486572265625,0.2152329451002404,73.14361197377309,5.406954629152718,0.000396746847715,0.9720991591762326,0.0198587494643961,16
8,8,Shorea Leprosula,139.66728258191674,1.958648681640625,0.1760804122842766,116.17102420539923,7.169067123324174,0.0004836488828239,0.9023122942450654,0.0219396247360964,158.12786400591278,1.958648681640625,0.1805566664607637,110.7059226332596,7.063632325233223,0.000560801012091,0.900818106628904,0.0236201456482423,60.05512441488051,1.958648681640625,0.1831392628909544,90.26567862329983,6.527997365707892,0.0007345517868634,0.8641681938725443,0.027036769835931,46.95269770879527,1.958648681640625,0.3074995410950704,42.2615016103205,3.9650353541211434,0.0027436642559759,0.9277929651540888,0.0522207136008307,66.82723577235772,1.958648681640625,0.3004878208796568,42.81228866595859,3.888102574723068,0.0017527623257783,0.9476551600310243,0.0417212493649238,15
9,9,Syzygium Polyanthum,149.0251480320446,3.473663330078125,0.1410875208428691,233.63932426221663,9.63131377613971,0.0002460441513887,0.9327663447845196,0.0156467506614571,165.07189132706375,3.473663330078125,0.1429359281251542,241.5445860791721,9.672445468481818,0.0002430274018335,0.934244499922676,0.0155512509021627,83.01145942180425,3.473663330078125,0.145245221352309,177.51044945614382,8.865932325842367,0.0003480675748981,0.8900585349775404,0.0186084836954972,68.3120863810519,3.473663330078125,0.2323624688218303,65.35612164115066,5.115754436578596,0.0006156535483286,0.9541077425925456,0.0247369385086531,100.2967607105538,3.473663330078125,0.250384085446543,63.86822989382334,4.597661299696355,0.0005568766790713,0.9694986763008482,0.0235257716212653,18
10,10,Cinnamomum Iners,191.81557606263985,4.329681396484375,0.108868354528225,337.60354372054064,12.49775908241386,0.0001959597050268,0.9152419409245942,0.0139624176212469,207.2738255033557,4.329681396484375,0.1280281631590559,321.93386144825496,12.028508823587645,0.0004980092171383,0.9080906910640794,0.0222287001422343,89.07354586129753,4.329681396484375,0.093672900948154,279.3594960871779,12.23246335971188,0.0001794706711968,0.8761035381997743,0.0133647180398156,104.03187919463087,4.329681396484375,0.1362997816672219,149.5761006192235,8.587549544323872,0.0002307064348403,0.9435429296341648,0.0151483096256772,136.9537192393736,4.329681396484375,0.1680324135472209,94.87164024933828,6.654070943692809,0.0003298384068023,0.958815084935705,0.018111296413241,4
11,11,Clausena Excavata,159.46877828054298,1.329254150390625,0.1336397291250534,192.3138267113577,9.539765533523797,0.0003550072141635,0.9115774638527012,0.0187890840278978,182.83429864253392,1.329254150390625,0.1324033142329245,197.26399078861655,9.628316903684254,0.0003638150947217,0.9191515463173644,0.0190257388040218,82.66162895927602,1.329254150390625,0.1330117593186442,162.0181101748944,8.965535173520642,0.0004485981467331,0.8604026139644927,0.0211252981228832,88.45149321266969,1.329254150390625,0.1830129948973127,57.88393361369501,5.600032539849497,0.0004975477538893,0.9616294297062736,0.0222471469145039,120.09113122171944,1.329254150390625,0.2082529711083408,44.079752467474265,4.842920635755744,0.0005873741791069,0.971826912902268,0.0241744504415285,6
12,12,Cinnamomum Iners,179.74957566261915,7.4339599609375,0.1153142740133296,239.648260488503,10.696415414036904,0.0001802855772429,0.9174617430741216,0.0133782360771241,194.0960960960961,7.4339599609375,0.1206150636323835,238.88763275249204,10.58900999912509,0.0002140440834414,0.9126173687515406,0.0145711748545876,94.68083300691995,7.4339599609375,0.1120711040662556,196.9788564066633,10.12107012495125,0.0002570985948749,0.870956356825703,0.0159779337212851,91.26514558036295,7.4339599609375,0.1517360667513132,121.44223853120886,7.649897128228357,0.0002812611381272,0.9464166913740716,0.0167226369344736,122.73459328894111,7.4339599609375,0.1647706641227386,92.4352656544284,6.674580377284986,0.0003124242803758,0.9580230362254348,0.0176229236318768,4
13,13,Alstonia Angulstiloba,225.9289029535865,7.476531982421875,0.1939487019972258,120.129266392445,7.136580104145414,0.0011678866028252,0.9024132701581836,0.0341049604665475,234.0340311587147,7.476531982421875,0.2084537535896876,112.10280147971294,6.793494767493769,0.0022486586240143,0.8774172561921286,0.0473251647347533,95.37422914638104,7.476531982421875,0.1359178578961861,134.31502364183433,8.282365252456836,0.0004126709590071,0.8691951401535591,0.0202660005185605,127.52293086660175,7.476531982421875,0.1476533029049425,85.25562780343975,6.857299791070695,0.000404883022401,0.9392204245207524,0.0200548829069117,142.06527101590393,7.476531982421875,0.1718004373810956,63.12511852067832,5.840670946514648,0.0005762132102875,0.9368934681711067,0.0239433944996707,0
14,14,Spathodea Campanulatum,201.81733569921997,7.247528076171875,0.1128430181274659,231.66351543547347,10.74588452155283,0.0002684187073526,0.871554615571751,0.0163396616641013,217.52683384110617,7.247528076171875,0.1313079210020206,221.7479603413804,10.377384558917122,0.000639686245137,0.8593865117528954,0.0251923297050438,133.6870333790887,7.247528076171875,0.110342527078016,215.98275247865035,10.542029560727393,0.0002780084685324,0.8536353842401285,0.0166322565439474,123.95001506578728,7.247528076171875,0.1152631848225587,171.50263788515008,9.513212407258498,0.0002559877887002,0.905677223657362,0.0159575641497748,159.36149519568784,7.247528076171875,0.149607652849177,110.98296956103488,7.378765857888867,0.0004016707194039,0.9275894186138016,0.0199856222465556,16
15,15,Clausena Excavata,181.0445710621084,4.911773681640625,0.1248912014757994,216.49021047562812,10.094869414047997,0.0002496998347214,0.9224913786049364,0.015764607197209,200.8414483745252,4.911773681640625,0.130249073431807,219.2748304212033,10.071956593665904,0.0002803217564464,0.924189849501682,0.0167021567675521,90.6446401262888,4.911773681640625,0.1199401004631535,184.78217875958072,9.675939315730284,0.0002786428551394,0.8877908488592579,0.0166544474061419,96.5486902471511,4.911773681640625,0.1777049567102144,68.76433674711157,5.981121790525931,0.0003829407486176,0.963195150994774,0.0195141569351079,128.1820827783533,4.911773681640625,0.2022120808767077,53.70611615001751,5.152780329973405,0.0004778015694963,0.9718797614599998,0.0217961541029142,6
16,16,Syzygium Polyanthum,175.82717136150234,2.8837890625,0.1118030644553323,294.84430330140555,11.782176554214972,0.0001718138575611,0.934762654548072,0.0130855637261093,190.5028085177733,2.8837890625,0.1228028175403011,287.5917342461282,11.526937367932916,0.0003611747777308,0.935525401829752,0.0189582414392109,103.81317069081152,2.8837890625,0.0991100963817354,264.24765601792944,11.603761395327986,0.0002193076658209,0.8633460516687365,0.0147814177358253,94.70535714285714,2.8837890625,0.1644573294238765,95.37977271284016,6.934950379966964,0.000307635622955,0.9649609633994144,0.0174972255389521,140.95850100603622,2.8837890625,0.1861380672337219,73.06185908200601,5.838726672651816,0.0003845980724268,0.9734628839401402,0.0195625439545848,18
17,17,Sandoricum Koetjape,172.2249946774537,14.2698974609375,0.1261627276691969,303.3800968891808,11.53696930242516,0.000216948951867,0.9519890889519862,0.0146881803468466,188.4841813923781,14.2698974609375,0.1320850264929296,285.04925987891284,11.216513178099966,0.0002983848451285,0.9454447139927392,0.0172239153932682,85.57368533106238,14.2698974609375,0.1078492323203063,242.57711706598369,11.119165120773475,0.0001709753226506,0.912273025336326,0.013042240413171,86.7525399190973,14.2698974609375,0.1901774845865441,100.66944254259056,6.571901824992138,0.0003188145956252,0.9684167713731412,0.0178008320769998,122.42402384500744,14.2698974609375,0.2138987206179713,70.35458432850388,5.315947402499207,0.0003662317122461,0.9786357916116912,0.0190779554409529,14
18,18,Sterculia Parviflora,190.83584072525497,3.09466552734375,0.1100318363119599,197.5893180751497,10.25330609525356,0.0002534941302622,0.903340621255276,0.0158886205781963,209.0606463209722,3.09466552734375,0.1163591971943213,191.62961314569404,10.071565025757216,0.0003057505478261,0.8992521734058446,0.0174416420710067,102.76335430424758,3.09466552734375,0.1091490356861908,181.61073543255884,9.985146823536052,0.0002782657783041,0.8664519800541892,0.0166462835542336,93.62732992067524,3.09466552734375,0.1614226085305603,82.09797490830573,6.663292850555121,0.0003959780035745,0.9445954797215604,0.0198473237498055,130.77617131022626,3.09466552734375,0.1848418148950579,64.2839997896081,5.718079783843464,0.0004388751499393,0.9649101886968626,0.0208914873734986,17
19,19,Alstonia Angulstiloba,209.7715417029933,6.677734375,0.1529884637229549,134.29261904999646,8.041602155370375,0.0004069240486447,0.8944789794658641,0.0201276554117192,227.65994623655916,6.677734375,0.1815246669130034,120.85642116824688,7.533690883537551,0.0011319649881662,0.8723676661432371,0.0335564092948512,130.3650101714618,6.677734375,0.1287574129943036,137.10343163365107,8.54343141913944,0.0003110182651593,0.9043878437679376,0.0175947126862648,123.990046498111,6.677734375,0.1354020124815268,106.97303055876743,7.665330517179857,0.0003795963646242,0.9013827514699896,0.0194388934627973,152.5127506538797,6.677734375,0.1752653383903728,58.49733756230032,5.66263826456944,0.0006350363806072,0.9185910042942218,0.0251377675331438,0
20,20,Claoxylon Indicum,179.69724375538328,2.24200439453125,0.0973275607612521,287.76244436236914,12.217107284429463,0.0001990242103583,0.9015445566358492,0.0140820689366891,200.00059216192935,2.24200439453125,0.1032942154849625,284.8472866292874,12.097266669599469,0.000247785990228,0.9006874903675129,0.0157022167480668,111.90116279069768,2.24200439453125,0.0925272940601727,282.04583130970826,12.250707262600848,0.0001957375918535,0.879543573414431,0.0139644190744612,71.38964254952627,2.24200439453125,0.1873272712204143,61.61354357157515,5.714419387621715,0.0005637996029702,0.93970446466948,0.0236800174122684,103.98627260981912,2.24200439453125,0.1994343069069074,52.21724961489348,5.175533390298469,0.000607849608171,0.9573344369610596,0.0245793721947799,5
21,21,Bridelia Sp.,174.13294601791333,5.004974365234375,0.1155727372117035,227.18050538942327,10.543278463254266,0.0002331929038846,0.8881176251285312,0.015237586590835,188.5754296780441,5.004974365234375,0.1168083874396933,226.67364561828785,10.522055117987325,0.0002354122486819,0.8851936523485027,0.0153091830318708,108.919632050351,5.004974365234375,0.1179161233999072,199.3953716848147,10.05369888348031,0.0003105399791417,0.8440505626253643,0.0175864745105143,63.66598886468167,5.004974365234375,0.2451822684457904,33.030846589029146,4.07076438216459,0.0010788182092357,0.9357445311163874,0.0327572052540365,98.32672476397968,5.004974365234375,0.2716688901170876,24.62502379658848,3.524893502731264,0.0010869525003403,0.959945371376558,0.0328788416977391,1
22,22,Pometia Pinnata,192.02475032566215,1.10699462890625,0.1198564204662324,195.03047589349023,10.091876505358709,0.0002759643365332,0.9153729409345046,0.0165822942845745,211.2253582283977,1.10699462890625,0.1515646302266162,188.4580834821043,9.72885552589381,0.0017767390446179,0.8968075607155708,0.0420612424421031,64.34628745115067,1.10699462890625,0.1099319925258768,183.09715259848912,10.109237549784272,0.0003270620222766,0.8804782496169817,0.0180581020438662,90.58282674772036,1.10699462890625,0.172008456389184,64.23249463799985,5.977880663264447,0.0005521391940176,0.938823606626842,0.0234441703166898,123.57153712548848,1.10699462890625,0.2172398636544481,35.802974712162865,4.4096609587519655,0.0008510994020923,0.957505848839878,0.0290944083991817,13
23,23,Sterculia Parviflora,160.42968541722206,1.809173583984375,0.1022338735972676,263.49443330468614,11.660750570398848,0.000220985269758,0.899223381441137,0.0148394355122046,177.25759797387363,1.809173583984375,0.1033368798362021,263.8999909283423,11.68716814179266,0.000229805843549,0.9024588296129424,0.0151312748464071,84.35417222074113,1.809173583984375,0.1031275332973089,232.73588033592907,11.145313615330323,0.0002378573116596,0.8880547349766608,0.0153927878089972,61.54958677685951,1.809173583984375,0.2081685806270479,41.47965462145939,4.789664377665489,0.0007667611914643,0.942384588282409,0.0276219654700133,88.06631564916023,1.809173583984375,0.227606849730136,33.74780708093908,4.2815349296646446,0.0008242063441009,0.9582736839032524,0.0286289532489901,17
24,24,Calophyllum,192.47723609991945,0.593109130859375,0.1222863139203993,156.33722349005706,9.100020103284267,0.000481355697217,0.875465534978437,0.0219177377425372,208.7139403706688,0.593109130859375,0.1264394599138739,150.70137004466977,8.927590352444735,0.0005127674271629,0.8646804365303363,0.0226207543743846,106.44157937147462,0.593109130859375,0.114029723347466,156.75025512253774,9.313656241606244,0.0004434093538213,0.8609843817899796,0.0210322870599925,84.66901692183723,0.593109130859375,0.1983375901342761,40.702642974273815,4.819785592668543,0.0009085859887423,0.9436191574673544,0.0300884139556992,111.02880741337631,0.593109130859375,0.2295530123206339,31.887440170387656,4.197231739335833,0.0010272174687756,0.9617017431506328,0.0319865213716084,2
25,25,Pennisetum Purpureum,147.09157077281017,7.718780517578125,0.0956221551447989,251.906770391372,11.816485860734646,0.0001526564800595,0.9153950173898392,0.0123291903488675,164.54544739986167,7.718780517578125,0.096153562880665,251.04866759737484,11.788164357746124,0.0001724861417226,0.8961946467625281,0.0131057906590354,95.03063887316858,7.718780517578125,0.0952538327969667,246.9053527575753,11.723220273470677,0.0001876253897989,0.878759755425963,0.0136693725633349,37.66658806514494,7.718780517578125,0.2907762123219767,16.805455581870778,3.0642941442527434,0.0018039999777607,0.9473092306917974,0.0423531655435347,58.26065836634597,7.718780517578125,0.2652719622375905,20.159218033865884,3.3970313254119846,0.001282178448672,0.9582186659866544,0.0356900123611892,12
26,26,Sterculia Parviflora,196.9868,2.112030029296875,0.2125621978698475,119.01555844080444,6.904815875410223,0.0006398489065558,0.9460970982276588,0.0252338820705417,207.0732,2.112030029296875,0.2359928900785879,104.61796111129524,6.420910991943734,0.001077213777134,0.9450744712653067,0.032736527320867,85.50537142857142,2.112030029296875,0.1728492481335911,133.4108615398003,7.80146544193213,0.0005746612907106,0.9007812787748464,0.0239103654651207,77.91348571428571,2.112030029296875,0.2490981135479196,67.33930737161418,5.354867544673896,0.0012798446212866,0.9671537843432044,0.0356789825138602,95.24405714285714,2.112030029296875,0.24860616111911,44.82084483473129,4.551315916851757,0.0008912127749874,0.9749422491529376,0.0297687314252313,17
27,27,Campnosperma Auriculatum,203.47341666666668,10.2003173828125,0.1034284627747507,332.22597397807465,12.630998190344874,0.0002212794860549,0.8285370440657833,0.0148367482508943,212.4752976190476,10.2003173828125,0.1137010745100976,321.5000734674304,12.350150472108748,0.0003420979266896,0.8187824080165265,0.0184277279403389,169.54317857142857,10.2003173828125,0.0938825626236307,345.4371906310398,13.073522046394531,0.0001757170184843,0.839999957950995,0.0132232989928098,94.32209523809524,10.2003173828125,0.151917128972003,148.09197481296724,8.24303431950974,0.0003902086773005,0.8783268633178768,0.0196971100313489,148.2562619047619,10.2003173828125,0.1539704491050847,151.94901454003556,8.197284537010873,0.000384340406075,0.8929652568947932,0.0195476708975647,3
28,28,Leea Indica,204.47316584861792,3.7479248046875,0.159831175783587,143.066211209239,8.003120098410564,0.0003914703859465,0.9228540361121784,0.0197326274489686,213.76856755360373,3.7479248046875,0.1659391275851512,142.50285862827127,7.936170509949484,0.0005076335918556,0.9169843282083268,0.0224636364796005,84.59309609919917,3.7479248046875,0.1418902136845921,127.81528122700912,8.010596370166354,0.0003960044968267,0.8913603729869354,0.0198472894290561,95.4237923017308,3.7479248046875,0.1844259555719631,69.83460206039268,5.868742833714585,0.0004578220481298,0.9506178596768698,0.0213368967238599,108.84141694652544,3.7479248046875,0.2195578680494087,51.712483821603485,4.84512935502471,0.0006468303284046,0.955455609582404,0.0253604615718568,11
29,29,Dillenia Suffruticosa,160.38351403947735,0.862213134765625,0.1107415766016329,242.8348185453674,11.085314180383207,0.0002852574959467,0.9046062433523672,0.0168550198296894,182.66430358632192,0.862213134765625,0.1138918327925919,247.27727992997376,11.17015778917559,0.0002907272287554,0.9032855340794934,0.0170181134441128,78.11773700305811,0.862213134765625,0.1067727519354353,198.4827112574815,10.236350240822931,0.0003439153125966,0.8779370084727746,0.0185105335994192,90.31776480400332,0.862213134765625,0.1536549148809209,93.19952041389377,7.081914782182464,0.0004499161825931,0.933951974855004,0.0211543631930794,118.43716986377537,0.862213134765625,0.1697943806633535,76.4236669654676,6.398564177214852,0.0005121989823281,0.9436663785468818,0.0225654595765555,8
30,30,Sterculia Parviflora,199.25555677816905,2.194091796875,0.136709754153023,189.6780018004444,9.173065694726535,0.000391710280988,0.8755705967094168,0.0197490786450906,217.19349691901408,2.194091796875,0.1458933037071501,181.0781536210157,8.925572641194707,0.0004908440597761,0.8693013767665823,0.0221068519046576,113.57680457746478,2.194091796875,0.1281083514245307,184.26256149454977,9.323365550048017,0.0003334162705098,0.8764811218135289,0.0182202674868995,110.0349911971831,2.194091796875,0.1616448234956348,103.53949183057864,7.025152338271955,0.0004810120033495,0.9286094565291362,0.021872754781593,142.2200704225352,2.194091796875,0.2001655804352522,79.97758175591026,5.793578844152414,0.0007164478744738,0.9506952244409812,0.0266880272381446,17
31,31,Ficus Variegata,192.97752631578948,9.22430419921875,0.1017761467973592,355.1628371277636,13.055537499502735,0.0001950212370475,0.8873583459191154,0.013930411720498,212.79951315789475,9.22430419921875,0.1202068657536983,338.4135217889181,12.5878004607819,0.0005816486131852,0.8777371871216191,0.0240346807930034,115.65472368421052,9.22430419921875,0.0909197772286248,316.884164521397,12.80390645248174,0.0001598443157245,0.8737586337818894,0.0126114702575913,120.98984210526316,9.22430419921875,0.1211740812941809,164.21521586285104,9.277870917041788,0.0002124599984707,0.9330498882356888,0.0145352473451041,165.86981578947368,9.22430419921875,0.1615651406775652,92.68044626426764,6.676212501718414,0.0003771476812744,0.9580020054617132,0.0193631023632765,10
32,32,Spathodea Campanulatum,197.87880385128963,13.832672119140623,0.1009418953651614,350.843391733667,13.02572030551409,0.0001946423336737,0.8617897436554882,0.0139203613435188,212.83856033452807,13.832672119140623,0.11883939815854,328.2090704960622,12.48622048394648,0.0005182476401054,0.8511363559052862,0.022678658937902,143.49212875114205,13.832672119140623,0.0896921862659246,354.1241393164014,13.420495921237372,0.0001593331545335,0.8551935337467276,0.012595143915656,98.26104258907864,13.832672119140623,0.1432437156468614,152.58736185579056,8.473391474627121,0.0002862919683955,0.9179862108517464,0.0168757225124096,143.88573511842011,13.832672119140623,0.1605237549719312,122.32847413179412,7.375533457256196,0.0003065352597695,0.942842182120534,0.0174605794874529,16
33,0,Falcataria Moluccana,183.48106211659692,57.421417236328125,0.1015653392546317,390.4612368290198,13.599778951532954,0.0001880833297424,0.805370076953721,0.0136906723429217,203.0095537888494,57.421417236328125,0.1080478580846743,378.76541827035305,13.340117240850017,0.0002232188980126,0.8023095398035451,0.0149107044931979,97.10356230750304,57.421417236328125,0.0869811360145626,364.8345108696779,13.79145241472781,0.0001985763301913,0.7425499207817006,0.0140703959076908,91.49723610415836,57.421417236328125,0.1297237526517564,191.46314380986456,9.595327875648271,0.0002914176970836,0.8791953520893698,0.0170303892387721,122.38766873976532,57.421417236328125,0.1267038036793583,178.48286282180996,9.36014147632553,0.0002799633913064,0.8969454929438117,0.0166909401585232,9
34,1,Ficus Variegata,191.90516911685967,31.824859619140625,0.0843158353720729,664.2179002885581,17.794005421340437,0.0001471570276066,0.8435492476100548,0.0120997535273653,208.8475462375132,31.824859619140625,0.1146000145662295,640.6986228352348,16.98265369298728,0.0008750929406923,0.8377721867202921,0.0294755203651979,78.08381648793771,31.824859619140625,0.0616391103982348,654.3849680446954,18.943068769284743,9.728183335236412e-05,0.7778793041989791,0.009844921084378,104.7365762058468,31.824859619140625,0.0976108114596235,304.1600448681421,12.574222028859992,0.0001402701611682,0.8969395576371897,0.0118127218116637,136.13911410607474,31.824859619140625,0.1100203270052656,233.0507394765452,10.8741370175573,0.0001708738797834,0.9164574195137872,0.0130369099639649,10
35,2,Bridelia Sp.,187.2287189522806,40.43722534179688,0.0975337488567189,350.5337000185982,13.135879367219191,0.0001633012412534,0.8908111982456364,0.012748972432555,208.9341562547042,40.43722534179688,0.1178942976835929,337.87050028774223,12.64857409275361,0.0004832923060365,0.8926570579699346,0.0219068572462595,97.76738220683426,40.43722534179688,0.0846978300460901,344.677904410207,13.563123475995836,0.0001530436529639,0.8493151830399458,0.012342992472803,94.28369110341713,40.43722534179688,0.1427022301259293,111.31898415855063,7.708843702389506,0.0002732451185507,0.9445027690702672,0.0164852631119751,130.20105073009182,40.43722534179688,0.1528215031367536,96.84923887650504,7.083914681691529,0.000285217344164,0.96189345141902,0.016841009029127,1
36,3,Falcataria Moluccana,182.4411542480508,53.03253173828125,0.108671983623029,405.1792272233666,13.51477711498211,0.0001558920456622,0.8785168908655324,0.0124608584302893,202.09169451238415,53.03253173828125,0.1273116136594774,390.4642341901128,13.090068333496092,0.0003823025347317,0.8733862520712508,0.0195080274372575,94.2749824887756,53.03253173828125,0.0902406071069851,376.7332120837675,13.7763205345847,0.0001632368210393,0.8164220917642633,0.0127527101107212,93.20818721508375,53.03253173828125,0.1384200521430514,167.747263585067,8.901905701036096,0.000255176530283,0.9232803620144469,0.0159311684573512,126.48551907862252,53.03253173828125,0.1361334207059493,152.34865298066484,8.601317755194986,0.000247549494996,0.9337701837442672,0.015690223261506,9
37,4,Falcataria Moluccana,189.7884466637294,74.64730834960938,0.1014532704675111,512.2064180748952,15.169069975763232,0.0001566410865381,0.8536320662125345,0.0124919943178966,204.0367862795973,74.64730834960938,0.1218924295731558,507.518104629404,14.86361564966273,0.000474671339456,0.8571175284345943,0.0217376486066232,81.05315187415349,74.64730834960938,0.0825621201463916,437.4859251934024,14.967588651575928,0.0001786566974101,0.731310673819906,0.0133478473248801,98.86003165744684,74.64730834960938,0.1113328857121855,278.3261018943882,11.466281334108958,0.0001691353070214,0.8992520653231115,0.0129733034436938,124.4754834287952,74.64730834960938,0.1153643710123854,225.5022183511583,10.458646773971283,0.0001893280886622,0.9121213955205436,0.0137251149104017,9
38,5,Spathodea Campanulatum,200.2167200768629,20.38043212890625,0.0853450839270547,468.6231435835088,15.310059724169188,0.0001687360179312,0.8367167016373614,0.0129573590322128,204.10356207219627,20.38043212890625,0.0893966336868952,464.7558649050819,15.1288468153187,0.0002063748994254,0.8400212023744289,0.0143262691358708,103.2036867954479,20.38043212890625,0.0685565861103249,517.0422808662538,16.70893265144435,0.0001112815896162,0.8162634453195065,0.0105265220100398,82.6192002196084,20.38043212890625,0.136669994699681,143.69603633808896,8.567905092869584,0.0002834747858342,0.9166300423515916,0.0167927058290495,107.12606596606813,20.38043212890625,0.1417480969338619,142.30980716024823,8.368213156694173,0.0002896746135983,0.9298773732833664,0.0169747677271754,16
39,6,Terminalia Catappa,197.62816372344824,60.12057495117188,0.0991543553675244,563.6546938813069,15.909464195795325,0.0001882563507777,0.8449208083088958,0.0136847900319807,211.2153601154055,60.12057495117188,0.1261705126383026,533.0511327484533,15.18412268064122,0.0008213051909579,0.8317161322559579,0.0285617615331094,84.98779692197972,60.12057495117188,0.0671478449851546,599.1255983096991,17.74807510376681,0.0001049708807241,0.7915121047637824,0.0102242880786354,96.05615887706558,60.12057495117188,0.1262492375971314,242.6272363836097,10.555955407091162,0.0001988927023396,0.8977837631545964,0.014062368889114,113.6338104075662,60.12057495117188,0.148714056298272,173.4715426903042,8.815397660201716,0.0002775044332558,0.9097762825251264,0.016609840174631,19
40,7,Spathodea Campanulatum,134.3411295911296,13.324005126953123,0.0687465588375824,527.2075584195347,16.905393537192865,9.429334575312512e-05,0.8620590501932691,0.0096892942694506,155.53599956231534,13.324005126953123,0.068872641594146,530.6664601272984,16.917684237010842,9.365069558975364e-05,0.8682628837470194,0.0096565456444109,77.04435204435204,13.324005126953123,0.0698822506745164,478.9694452906155,16.296318259094306,0.0001155751425099,0.8192981726112656,0.0107283264226613,61.94436845752635,13.324005126953123,0.186949521184683,68.70338497799875,5.855016908445212,0.0004619029053808,0.9504203141733116,0.0214313791284321,95.27881423934056,13.324005126953123,0.1736869038255147,85.6140504517776,6.396452678718079,0.0003249560207864,0.9607771828032317,0.0179756264949034,16
41,8,Shorea Leprosula,147.01390168970815,1.568450927734375,0.1346531914423032,208.55071399091253,10.15686081582767,0.0003013431705164,0.8976083945630513,0.0173248317781571,162.5136712749616,1.568450927734375,0.1331894126778522,215.03681389380145,10.307918632120783,0.0002945363169335,0.9146063813878826,0.0171280624054099,57.75468509984639,1.568450927734375,0.1349220872719526,196.1375805830193,9.943478461420776,0.0004601124922617,0.8254398187555909,0.0214064965048408,46.68932411674347,1.568450927734375,0.2749107508174106,40.47395041237616,4.327532330174195,0.001601950685793,0.9540804949393034,0.0399014752453948,63.07242703533026,1.568450927734375,0.2462049162576552,48.27746176805973,4.772703639899749,0.0010380744109996,0.9583758385955008,0.0321168990231027,15
42,9,Syzygium Polyanthum,139.2784523809524,4.068023681640625,0.096065272476252,272.22448736430835,12.000481223779014,0.0001717614096215,0.9023087328544648,0.0130791327665757,159.11818452380953,4.068023681640625,0.0967324364069622,271.59741731520535,11.953432224457472,0.0001747167975976,0.9007618208294708,0.0131920088952206,67.15175595238095,4.068023681640625,0.0967365131896822,251.3096554806981,11.66906490381511,0.0002418344734899,0.8248348117543451,0.015519702247248,58.19553571428571,4.068023681640625,0.2532794895489695,34.001422076627605,3.9000376953679097,0.0009508924403181,0.952759303191036,0.0307529426043925,84.44866071428571,4.068023681640625,0.2661849975775376,34.342446962259984,3.690306967665419,0.0008784617301038,0.963959531972116,0.029560094446539,18
43,10,Cinnamomum Iners,179.82351232905646,9.196624755859377,0.0792930562156182,408.8082269685241,14.79710053546784,0.0001260115340608,0.8850305547631055,0.0112002873068322,191.1951924600032,9.196624755859377,0.0834121539681891,403.3021257467652,14.62075071339413,0.0001480177331725,0.8858910435330614,0.0121339348421183,65.22352024922118,9.196624755859377,0.0747990314924033,386.4915611260829,14.775759144543072,0.0001573903466686,0.8082335844678691,0.0125197209248804,72.78447911716563,9.196624755859377,0.1620263985358221,78.93873115818832,6.549940374956623,0.0004158342340267,0.9374847533922732,0.0203333703117741,96.93753630075506,9.196624755859377,0.1781600013688719,61.43855260029436,5.769601058695396,0.0004763778011151,0.9513102262204698,0.0217638884452375,4
44,11,Clausena Excavata,140.14633003643937,2.319122314453125,0.0871879903575265,301.1794369168695,12.812201560927612,0.0001865345409444,0.873932115727132,0.0136324282039787,166.7846954711088,2.319122314453125,0.0874601980743016,303.7328913097012,12.84400461014384,0.0001878327203388,0.8778926232651536,0.0136791525810038,56.16808953669963,2.319122314453125,0.0888531185221489,272.56901463608034,12.335078746309817,0.0002501933807808,0.7972299981519949,0.0157875980657755,66.49812597605414,2.319122314453125,0.2184448160170957,39.4314826523634,4.548630212937676,0.0007482517096782,0.9512888908846616,0.027270557776203,93.87204580947424,2.319122314453125,0.2165017122620616,40.07044693502485,4.580738866244793,0.0006999510902478,0.9573853769563166,0.0263785225101048,6
45,12,Cinnamomum Iners,184.53278540084972,8.713623046875,0.0962460655834758,276.4835394915878,12.099020510784454,0.0001776391705153,0.8940141337642536,0.0132997045748956,202.5000626871909,8.713623046875,0.1031910232895005,264.1855639068235,11.760887355120625,0.0002277961472496,0.8934908410691299,0.0150545195511338,85.52607090617818,8.713623046875,0.0871641234828993,286.8330481220516,12.608618116291051,0.000178139047313,0.8544891273366864,0.0133186903654388,97.69209444870098,8.713623046875,0.161603166825715,78.00365832014948,6.501620998273695,0.0003386404914373,0.9568609053972263,0.0183515678390519,126.28338789440691,8.713623046875,0.1736977254437252,64.72879014936687,5.929586614610719,0.0003974300349684,0.9635101723531184,0.019881796228226,4
46,13,Cratoxylum Formosum,207.4557985265197,20.702392578125,0.1306267006720365,266.7169190139648,10.825020255665944,0.0003453841525127,0.894025795569852,0.0185313876458352,218.91369867034547,20.702392578125,0.1507308035265814,255.9500867354183,10.39246332902254,0.0009402683260714,0.8809100365642408,0.0305680695309316,78.49254160673927,20.702392578125,0.0935239284731136,284.77866704063433,12.213291354256135,0.000168355685555,0.8810733670959037,0.0129421049159555,103.96349173735652,20.702392578125,0.1588581055330141,98.01556981195384,6.933336390411757,0.0003616367070784,0.9379906799070534,0.0189571142041636,126.90168775132818,20.702392578125,0.1800644007115243,78.3708610971707,6.0806207469281865,0.0004528244071175,0.942729116651911,0.0212125864909168,7
47,14,Alstonia Angulstiloba,207.03063242436065,9.02392578125,0.1428672688934261,210.52063200503252,9.492963958363855,0.0004686532087818,0.8888011921633874,0.0216020402794191,223.23868268467567,9.02392578125,0.1533908902870541,209.5743471497863,9.310364461669057,0.0007076594070881,0.8937251853666486,0.0265478775094448,81.54359436589402,9.02392578125,0.1188216461980141,208.16997954356185,10.082674850329395,0.0003360518285544,0.8228950852967387,0.018291061730437,107.78416046708728,9.02392578125,0.143944952303591,97.89444929033031,7.329784023381581,0.0003947133742769,0.935934930775475,0.0198146497121789,115.7576850120404,9.02392578125,0.1872060012399588,57.36356307871495,5.519650372635346,0.000690228367879,0.9437723050184452,0.0261992846461562,0
48,15,Spathodea Campanulatum,202.01519670096036,8.50634765625,0.0964990326843176,341.83666435944053,13.208793682737683,0.0002046317036706,0.8702962721401843,0.0142733847073658,212.25031035516045,8.50634765625,0.10778838545204,334.6300835444842,12.913695833655344,0.0003422764129161,0.8605107336955155,0.0184469060862727,118.83283628943651,8.50634765625,0.0827099597955061,363.523622347666,13.94007174216936,0.0001471065086011,0.8608316064104902,0.0121025990976137,93.33803741384968,8.50634765625,0.1312119073434929,123.94472459941272,8.156180451997582,0.0003253829727326,0.9150923855739556,0.0179903332571455,116.87757024015067,8.50634765625,0.1460961498780389,103.81546392664904,7.343915362841238,0.0003707452599471,0.9303610612337664,0.0192015779398972,16
49,16,Clausena Excavata,154.04896780102868,6.886566162109375,0.0931186143616792,323.0082694179615,12.800564167725591,0.0001744823237659,0.9074444866486348,0.0131803824332511,179.0331501444374,6.886566162109375,0.0934001753800993,331.33029901419354,12.895061290135246,0.0001777514175628,0.9169512918496208,0.0133034116737707,53.95286408793067,6.886566162109375,0.0930205620441594,269.66074428540185,12.103513453462616,0.0002490459096989,0.7902704689685447,0.0157473945331166,76.44137955330092,6.886566162109375,0.1857592289342902,62.73182140401612,5.756724746078207,0.0004220823525237,0.964848582782843,0.0204853719919585,104.23442894384556,6.886566162109375,0.1809140673913829,66.01224195948697,5.870650014495166,0.0003691985245474,0.97302522884138,0.0191596522197576,6
50,17,Syzygium Polyanthum,184.84238137142083,3.575164794921875,0.0817093264955254,350.52225682109,13.859337927268788,0.0001672210305824,0.8532962368652741,0.0129095678245878,202.48145265010493,3.575164794921875,0.0855271842818715,339.3735584826207,13.565891740236625,0.0001947023020864,0.8498445064426481,0.0139257048689784,85.45803154403303,3.575164794921875,0.0754878776019786,367.19107316071023,14.448931281350848,0.0001715883452971,0.8067767722294142,0.0130768195031158,90.58413998510795,3.575164794921875,0.1552527821450065,78.71375961672774,6.605011713100561,0.0004246020880943,0.9350348383125018,0.0205538280502067,125.79855141135856,3.575164794921875,0.1699180097051639,68.35899610562221,6.074581168069038,0.0004640112489612,0.9457709161531624,0.0214856655202336,18
51,18,Sandoricum Koetjape,178.57442058107543,8.42547607421875,0.0892500827913757,382.22692216209725,14.203438301999832,0.000138505947227,0.919143148868354,0.0117340122580762,193.46314621955256,8.42547607421875,0.0981307451857572,361.9601547488013,13.73409243097825,0.0002582726802088,0.9022294623040334,0.0160059303210922,75.9002924102963,8.42547607421875,0.0751608908361647,390.6171242315158,14.763192741489055,0.0001300473812284,0.8708996850157575,0.0113781450517477,85.75613269377584,8.42547607421875,0.1620486855855304,92.66452129874196,6.964690299836925,0.0003184187653039,0.9568027986350705,0.0177907145981453,118.34317157138123,8.42547607421875,0.1745441933690331,72.64277763651154,6.135074110571801,0.0003458094215867,0.9659667098215998,0.0185386972008107,14
52,19,Sterculia Parviflora,185.6668122779428,4.157745361328125,0.0927250211709306,270.24502680264675,12.175911358035057,0.0001877492500283,0.8721461588313701,0.0136733046425592,206.11742093307703,4.157745361328125,0.0987085205774492,259.757151441186,11.865279552894068,0.0002326812279136,0.8599405429785794,0.0152194670155686,67.33275088822879,4.157745361328125,0.0857102549884037,288.2491715898113,12.750503098362048,0.0002109485108228,0.8249305856651232,0.014495272811553,94.5876579882346,4.157745361328125,0.1567299372628944,81.08484576372615,6.649883729087399,0.0004231295299022,0.9368483980899618,0.0205159872090856,127.5149688391869,4.157745361328125,0.1722940828192342,67.74517460614793,5.961121391892527,0.0004890500996123,0.9513915008487864,0.0220545423916619,17
53,20,Alstonia Angulstiloba,202.35467663240945,11.702056884765623,0.1318737604351501,141.1238812216525,8.523477254068503,0.000397522349735,0.8789317670395449,0.0198972015926963,227.46169417626908,11.702056884765623,0.1488988999769586,130.5812892894919,8.046690293742952,0.0006903982475843,0.8686801070317596,0.0262071209922208,75.5212187272916,11.702056884765623,0.1116771302469267,169.200776172424,9.643111408262534,0.0003155201784993,0.8585791984539614,0.0177256943645192,120.53701858195784,11.702056884765623,0.1603771386225771,72.0531850188487,6.286807399155672,0.0005417506151419,0.9239343808610052,0.0232203948081063,144.9145126128932,11.702056884765623,0.1878397108692485,52.8917917571585,5.29145127715232,0.0006785517467847,0.940870044710574,0.0259854471673941,0
54,21,Claoxylon Indicum,167.803323217564,6.473114013671875,0.0848666838724306,337.8123005669543,13.625320156112986,0.0001560618512531,0.8677612572182132,0.0124655439227889,196.1312240080926,6.473114013671875,0.088895106261565,334.6257924548655,13.49885858660454,0.0001734342460513,0.8682768503389345,0.0131385270434954,68.04621407965232,6.473114013671875,0.0810669898814765,325.0296563534569,13.56910539984906,0.0001745855941257,0.8227355809496872,0.013185584188207,69.1571878161178,6.473114013671875,0.1824962319892152,57.75565380981392,5.60451361630555,0.000626597262033,0.9274939194038282,0.0249593761882559,97.3199018395714,6.473114013671875,0.1898204372242022,56.34450370565652,5.440974723704882,0.0006445899824701,0.9400617609700526,0.0253131225584866,5
55,22,Bridelia Sp.,177.2972950633356,5.8658447265625,0.0835380019312162,339.63704343402304,13.646909596091303,0.0001651516104514,0.8451833042252044,0.0128237402875652,188.86791478106335,5.8658447265625,0.0841708100808386,346.15678220848986,13.731751341581113,0.0001515814245384,0.8655777131788489,0.012283992960689,78.89324902361912,5.8658447265625,0.0803435662548969,328.1252264086055,13.59112266794619,0.0001936515565498,0.7879691785380245,0.0138885260691462,59.824706052528256,5.8658447265625,0.1949355820587254,48.33554829601347,5.150480543435318,0.000683571667087,0.935554457072684,0.0260732794986663,82.6946252557188,5.8658447265625,0.1968956556059524,47.558059742782085,5.090165260987511,0.0006166177668836,0.9476556364362104,0.0247637802590462,1
56,23,Pometia Pinnata,183.7780349147256,2.400634765625,0.1242825470084893,190.05314786108065,9.609281954657956,0.0002374717157023,0.933491568084602,0.0153753414799217,206.69351511797555,2.400634765625,0.1387567371190746,181.8676137428433,9.27009640815303,0.0004163829302269,0.9199259308749052,0.0203527474665897,47.88383558887156,2.400634765625,0.1142503572875572,189.31243150876432,9.913208206510989,0.0003470961608643,0.8926755348826708,0.0185853046536979,84.9972329828445,2.400634765625,0.2101821116341922,49.49377231029186,4.922437502530746,0.0006231902991675,0.9628782957935274,0.0248940503400071,114.1076621220506,2.400634765625,0.2342884008248218,43.837667026524,4.404447321172183,0.000773915100375,0.9717648466370664,0.0277431191132036,13
57,24,Sterculia Parviflora,178.09410031912282,1.4715576171875,0.1077633285144369,230.0057262856972,10.998500949526829,0.0002407913082521,0.8882529971979731,0.015487745169642,203.87398739873987,1.4715576171875,0.1156800270785251,221.8017394631512,10.728321538403886,0.0003245587293292,0.8761136843520656,0.0179655975014573,65.13501350135013,1.4715576171875,0.0951412017086004,249.8440122159956,11.68416443689829,0.0002276936512642,0.8949787646572016,0.0150607322710054,91.35684477538663,1.4715576171875,0.1904677684057759,56.68180257514376,5.535102765390187,0.0005884466856565,0.9427551443499332,0.0241901676096056,120.97283364700108,1.4715576171875,0.2066292982112896,45.2481417726999,4.933379560115113,0.0006476709349006,0.9574764655574362,0.0253751403318082,17
58,25,Calophyllum,207.9284436493739,0.80389404296875,0.1421872964284722,211.4336795443509,10.654132370137834,0.0031424842525431,0.896988069257501,0.0559273913491479,213.3385509838998,0.80389404296875,0.1355868228713633,199.40819120460105,10.417502549889663,0.0020156525948796,0.8613617339814006,0.0448247530296292,102.83422778771616,0.80389404296875,0.0911530943270205,246.13691157224125,11.86377495053977,0.0002436196448552,0.8917511200752315,0.0155867040825082,86.77400119260584,0.80389404296875,0.1989176589308338,45.49218252108159,4.977519664557958,0.0007131773314376,0.9509612820217618,0.0266364431501662,109.10524746571258,0.80389404296875,0.2269902304266758,37.92588097037503,4.403232642870115,0.0009162926662349,0.955895729964264,0.0301936275057576,2
59,26,Pennisetum Purpureum,164.4606625258799,11.146881103515623,0.0841633819417718,313.88593271273976,13.236256755532784,0.0001690383732905,0.8452712844250174,0.0129717071715705,189.09095564999456,11.146881103515623,0.0865437870142025,308.85874193889344,13.099385754916508,0.0001832886072269,0.8336593307061437,0.0135074349698198,88.65108423231993,11.146881103515623,0.0802346477142206,327.7513789975683,13.623616207917976,0.0001648694227225,0.835239345522462,0.0128108095459032,54.01797973193854,11.146881103515623,0.2237444841536708,30.95333137733696,4.203916228479064,0.0012150311750904,0.9217550884099504,0.0347618066740269,81.70502342813556,11.146881103515623,0.2058861806032991,40.56092812004724,4.7545859493965965,0.0008411303437326,0.9379679324256937,0.0289185080777611,12
60,27,Sterculia Parviflora,218.1253086419753,0.97235107421875,0.2015987791530526,105.30789813295146,6.820136346420819,0.0010987843530355,0.9026680426574336,0.0330540280093132,216.0211111111111,0.97235107421875,0.2009700037229471,109.18109666287904,6.870215601284825,0.0010303359356644,0.908681615943814,0.0320274324408034,88.72037037037038,0.97235107421875,0.1472825643777693,142.9209860567545,8.407777146544218,0.0005822627657115,0.8537141236021771,0.024085748380871,77.41530864197532,0.97235107421875,0.2448541263530141,71.78313765096969,5.5787498772600665,0.0015667969684702,0.954028555888625,0.0394677531238257,92.48604938271605,0.97235107421875,0.2504089280710049,49.45336622760883,4.753043597188843,0.0013922533809478,0.9566582913647536,0.0372065882369409,17
61,28,Campnosperma Auriculatum,187.48688533545604,31.185211181640625,0.0851251812811459,548.8237936835856,16.18051305323306,0.0001304682875071,0.8717414917915927,0.0113948980015914,201.25318599333536,31.185211181640625,0.0982567325134958,530.0667163174862,15.75026238222911,0.0003370497349887,0.8684226469638701,0.0182838809712059,124.68652791109656,31.185211181640625,0.0693665792650382,603.2505859367885,17.617867157060136,8.752504746770618e-05,0.8491259303239111,0.0093328982584833,83.28468303951178,31.185211181640625,0.1428408774704163,183.004770969515,9.290429087371567,0.0002455328193379,0.9109298004140434,0.0156216706194326,125.9535816574189,31.185211181640625,0.1360337928627621,204.4838686737996,9.68851374882109,0.0002275813890882,0.918677324077044,0.0150402699225287,3
62,29,Leea Indica,222.06537598204264,2.150360107421875,0.1782809237254035,122.95631361819312,7.324283909780005,0.0007057052351159,0.9021546277480644,0.0264882055788555,231.48860830527497,2.150360107421875,0.1989614053900045,115.54633835505696,6.949037565265791,0.0015123553965885,0.8957657905830356,0.038759195114757,78.52328843995511,2.150360107421875,0.1250895530620301,162.47881308622337,9.115843892154832,0.00030580255086,0.9088843055850336,0.0174406478128137,110.789898989899,2.150360107421875,0.1963819620997572,50.35607668989114,5.226689723194931,0.00056568865857,0.9584515422571144,0.0237159209348566,122.26301907968576,2.150360107421875,0.2278690445131478,35.116553283576486,4.337461279844961,0.000724143212961,0.9667934011051248,0.0268263224185316,11
63,30,Dillenia Suffruticosa,164.25192519251925,1.092193603515625,0.1048525369731663,258.725050827554,11.495184113916912,0.0002355042800373,0.9096529426235516,0.0153180860422604,190.5678767876788,1.092193603515625,0.108426319796643,258.6470045920315,11.417419222259191,0.0002579464166863,0.9044541924836752,0.0160314316837994,46.604620462046206,1.092193603515625,0.1110626479315812,220.2098853258918,10.760708881843112,0.0003483639585676,0.8855574743509814,0.0186227913049051,101.58074807480747,1.092193603515625,0.165962535865398,77.67849953647053,6.45079269724725,0.0005074780351578,0.9448653155802242,0.0224663617507085,130.45775577557757,1.092193603515625,0.1765125300207922,73.42655057724889,6.197498767011512,0.0005945118677844,0.9509426421546388,0.0243175963616652,8
64,31,Sterculia Parviflora,184.09482126265345,2.4700927734375,0.1098993267773161,181.9853331180827,10.016365193525075,0.0002602317683531,0.8968976190718126,0.0160992096904375,204.31189789231743,2.4700927734375,0.1143510251742368,176.44706076258612,9.83443776764794,0.000304203268455,0.8777827889901509,0.0174001706441121,80.81710597095213,2.4700927734375,0.1018333622695654,196.5517224666823,10.5323795055373,0.0002620146416571,0.8694961814795296,0.0161545457844862,105.80150618612156,2.4700927734375,0.1826970164308431,65.44327979102833,5.816095430060939,0.0005962749391972,0.9366285590005888,0.0243535593873266,133.1485647219913,2.4700927734375,0.2101206764647016,52.55294816768213,5.071663408997268,0.0008438743414431,0.9339013296552844,0.0289723953275321,17
65,32,Ficus Variegata,208.04034222965765,10.81488037109375,0.1001343768004341,348.4658173814279,13.33403759605256,0.0002516327597712,0.8571140334015084,0.0158223067582255,222.44497715100547,10.81488037109375,0.120148042315005,316.29115827706585,12.477459146723318,0.0006773276936729,0.8191404190129059,0.0259312687955792,99.73476078730786,10.81488037109375,0.0691523380336475,437.0772102044235,15.726542819748277,0.0001237316551463,0.8362000791966994,0.0110987441000876,129.99880983124305,10.81488037109375,0.114699693879966,162.9393924354401,9.470141308145177,0.0002361754113257,0.9152373900853678,0.015324757943088,162.8720680866353,10.81488037109375,0.1503359992651528,101.92673079349248,7.252730140845745,0.0003610299227038,0.9328227246461638,0.0189472298836789,10
66,33,Spathodea Campanulatum,199.8304179165613,20.190826416015625,0.0875508686160632,484.5609300484325,15.31710996620821,0.0001721958885982,0.836536490639023,0.0130930927181758,211.7603093714988,20.190826416015625,0.1008399386357004,451.9327496409024,14.675896731847118,0.0004021778600997,0.8230531637542954,0.0199817876168284,117.5939499078391,20.190826416015625,0.0682472554760984,555.8729798627494,17.080582481214346,9.43290883375706e-05,0.8543080314705682,0.0096907295238233,79.49158504704423,20.190826416015625,0.1455143529230414,137.33044966108147,8.08977557047724,0.0003295638978875,0.9027798293295726,0.0181054247536918,108.50480079993254,20.190826416015625,0.1477092048957543,140.99224956340638,8.029363069466502,0.0003181572193482,0.9208028719044804,0.0177879347487878,16
