index_,tree_name,Wideband_Red_MEAN_I_mean,Wideband_Red_MEAN_I_median,Wideband_Red_MEAN_I_25th,Wideband_Red_MEAN_I_75th,Wideband_Green_MEAN_I_mean,Wideband_Green_MEAN_I_median,Wideband_Green_MEAN_I_25th,Wideband_Green_MEAN_I_75th,Wideband_Blue_NONE_mean,Wideband_Blue_NONE_median,Wideband_Blue_NONE_25th,Wideband_Blue_NONE_75th,Wideband_Blue_MEAN_I_mean,Wideband_Blue_MEAN_I_median,Wideband_Blue_MEAN_I_25th,Wideband_Blue_MEAN_I_75th,RedEdge_NONE_mean,RedEdge_NONE_median,RedEdge_NONE_25th,RedEdge_NONE_75th,RedEdge_HOMOGENEITY_mean,RedEdge_HOMOGENEITY_median,RedEdge_HOMOGENEITY_25th,RedEdge_HOMOGENEITY_75th,RedEdge_MEAN_I_mean,RedEdge_MEAN_I_median,RedEdge_MEAN_I_25th,RedEdge_MEAN_I_75th,Blue_HOMOGENEITY_mean,Blue_HOMOGENEITY_median,Blue_HOMOGENEITY_25th,Blue_HOMOGENEITY_75th,Blue_ASM_mean,Blue_ASM_median,Blue_ASM_25th,Blue_ASM_75th,Blue_MEAN_I_mean,Blue_MEAN_I_median,Blue_MEAN_I_25th,Blue_MEAN_I_75th,NIR_NONE_mean,NIR_NONE_median,NIR_NONE_25th,NIR_NONE_75th,NIR_HOMOGENEITY_mean,NIR_HOMOGENEITY_median,NIR_HOMOGENEITY_25th,NIR_HOMOGENEITY_75th,NIR_MEAN_I_mean,NIR_MEAN_I_median,NIR_MEAN_I_25th,NIR_MEAN_I_75th,Red_HOMOGENEITY_mean,Red_HOMOGENEITY_median,Red_HOMOGENEITY_25th,Red_HOMOGENEITY_75th,Red_MEAN_I_mean,Red_MEAN_I_median,Red_MEAN_I_25th,Red_MEAN_I_75th,Green_NONE_mean,Green_NONE_median,Green_NONE_25th,Green_NONE_75th,Green_HOMOGENEITY_mean,Green_HOMOGENEITY_median,Green_HOMOGENEITY_25th,Green_HOMOGENEITY_75th,Green_MEAN_I_mean,Green_MEAN_I_median,Green_MEAN_I_25th,Green_MEAN_I_75th,id_based_on_tree_name
27,Campnosperma Auriculatum,0.798269165540399,0.8335698413665033,0.661316043814433,0.6641893319857409,0.3749552352656019,0.0770849312154098,0.374437606897211,0.4645586757645524,0.0707487755215045,0.0322389219784594,0.5885361285036702,0.0761546502558166,0.5897400818050142,0.3519521530211476,0.0365617853909163,0.077832407365937,0.2248632835008984,0.0745222539776239,0.8046875,0.84033203125,0.671875,0.66796875,0.3747067153453827,0.07513427734375,0.375244140625,0.466064453125,0.06597900390625,0.032379150390625,0.5983833074569702,0.07342529296875,0.59033203125,0.352783203125,0.03662109375,0.0739079937338829,0.222900390625,0.07525634765625,0.767578125,0.8056640625,0.58203125,0.63671875,0.3096677362918854,0.06329345703125,0.346923828125,0.426513671875,0.05401611328125,0.029632568359375,0.5251742899417877,0.061004638671875,0.5576171875,0.3193359375,0.0322265625,0.0567349046468734,0.198486328125,0.066650390625,0.830078125,0.8642578125,0.75390625,0.6953125,0.4377441108226776,0.08856201171875,0.4033203125,0.50146484375,0.08026123046875,0.03497314453125,0.6609849333763123,0.0885009765625,0.625,0.38720703125,0.0404205322265625,0.0947145037353038,0.2471923828125,0.0821533203125,3
21,Bridelia Sp.,0.6971946022727272,0.7515244831123737,0.4350342487373737,0.433079407354798,0.2673731668636654,0.1273476870758365,0.2612280914614899,0.7311460404829545,0.3109709842566288,0.017672549161044,0.4084127140863977,0.1329021970190183,0.4018512172506313,0.5456498086332071,0.0218056131998697,0.0599729812386436,0.2894135199652777,0.0555724055742976,0.69873046875,0.7490234375,0.44140625,0.431640625,0.2646723538637161,0.127685546875,0.258544921875,0.73095703125,0.2880859375,0.01763916015625,0.4087135642766952,0.131103515625,0.400390625,0.55078125,0.0216827392578125,0.0567018780857324,0.290283203125,0.053924560546875,0.66064453125,0.71533203125,0.375,0.408203125,0.2226954475045204,0.1058349609375,0.2313232421875,0.69970703125,0.251953125,0.0155715942382812,0.3659718111157417,0.1055908203125,0.3671875,0.5068359375,0.0186767578125,0.0423823371529579,0.2481689453125,0.046905517578125,0.740234375,0.7939453125,0.5,0.455322265625,0.3111969381570816,0.1488037109375,0.292236328125,0.76416015625,0.350830078125,0.019775390625,0.4549014195799827,0.1566162109375,0.437255859375,0.59228515625,0.025115966796875,0.0740214213728904,0.329345703125,0.064697265625,1
32,Spathodea Campanulatum,0.7822786833129518,0.8383125207632487,0.5688576929699088,0.5692503005957373,0.3938222557673547,0.0638369905393165,0.3929652543932551,0.4967038543809673,0.0849599476960427,0.0278853400073381,0.5743433152586421,0.0650961489402471,0.5746942108636445,0.3586172193835435,0.0346228067438893,0.0795357875210598,0.2017892026145644,0.0761754864371608,0.79052734375,0.845703125,0.58203125,0.5751953125,0.3877192735671997,0.0606689453125,0.395263671875,0.49462890625,0.07696533203125,0.02801513671875,0.5786187946796417,0.06243896484375,0.5791015625,0.361572265625,0.032440185546875,0.0750022120773792,0.195068359375,0.076171875,0.7470703125,0.8056640625,0.48046875,0.53125,0.3027883768081665,0.049591064453125,0.352294921875,0.458984375,0.06573486328125,0.025360107421875,0.4878904297947883,0.049163818359375,0.5283203125,0.31982421875,0.0277252197265625,0.0534321162849664,0.1695556640625,0.06689453125,0.826171875,0.87890625,0.66796875,0.60986328125,0.4830007404088974,0.0745849609375,0.437744140625,0.53125,0.0914306640625,0.0307769775390625,0.6693543493747711,0.07891845703125,0.62548828125,0.400390625,0.038330078125,0.1018687207251787,0.2255859375,0.085693359375,15
6,Terminalia Catappa,0.7969758220607485,0.8494841677726108,0.461389852432471,0.4619370123627848,0.4737157438053838,0.0583849701853381,0.4717504199107085,0.3690654779356263,0.0495538088155655,0.0412226864637736,0.5815371169029677,0.0721319541641505,0.5802819050887195,0.2224296483044811,0.0649894446020377,0.1361866830604159,0.1262956932364941,0.1328160732607298,0.80712890625,0.86181640625,0.44921875,0.456787109375,0.4736343324184418,0.0565185546875,0.47607421875,0.363037109375,0.042266845703125,0.040252685546875,0.5861411094665527,0.06988525390625,0.5830078125,0.2137451171875,0.06353759765625,0.1293148398399353,0.12213134765625,0.134765625,0.76025390625,0.8193359375,0.34375,0.4033203125,0.3765455111861229,0.045074462890625,0.422607421875,0.2998046875,0.0289764404296875,0.034515380859375,0.5020965337753296,0.05523681640625,0.53564453125,0.1707763671875,0.0517578125,0.0900201387703418,0.0994873046875,0.1138916015625,0.84765625,0.89453125,0.5625,0.513671875,0.5707075148820877,0.0693359375,0.52734375,0.434814453125,0.06146240234375,0.04718017578125,0.6660441160202026,0.08648681640625,0.6318359375,0.263916015625,0.07568359375,0.1734684780240059,0.14697265625,0.1534423828125,18
19,Alstonia Angulstiloba,0.8264360803954106,0.8974524033477359,0.5140293853149092,0.511529537788139,0.5024840035941439,0.082747163709148,0.5024614914045323,0.5389041629377314,0.110144760489832,0.0382705632844897,0.6161922189093915,0.1059804296736388,0.616330986387103,0.3491613625823192,0.0512453183108336,0.1378281183179188,0.1661108392322263,0.1352495661307654,0.8251953125,0.8984375,0.51953125,0.50341796875,0.5070904493331909,0.08111572265625,0.5068359375,0.54150390625,0.1029052734375,0.038543701171875,0.6229969263076782,0.1063232421875,0.61865234375,0.3466796875,0.05126953125,0.1360879838466644,0.1617431640625,0.135986328125,0.796875,0.87548828125,0.4453125,0.467041015625,0.4396123886108398,0.06683349609375,0.47314453125,0.489501953125,0.08538818359375,0.035186767578125,0.566449373960495,0.08673095703125,0.59033203125,0.29638671875,0.046112060546875,0.1070703230798244,0.1290283203125,0.123046875,0.857421875,0.921875,0.58984375,0.552734375,0.5684826374053955,0.09796142578125,0.5322265625,0.591796875,0.1314697265625,0.04132080078125,0.6698035299777985,0.12445068359375,0.64697265625,0.40380859375,0.05572509765625,0.166664220392704,0.2017822265625,0.146240234375,0
18,Sterculia Parviflora,0.7757044831430652,0.8456205132509836,0.4213899700174031,0.4188135438046212,0.4086264562747975,0.0739165431939372,0.4027681881809927,0.5811169418815262,0.1392661133920886,0.0263252269846475,0.5642051069453792,0.0799927925082153,0.5575039103879766,0.4059239403676178,0.035275909571613,0.0983279625297192,0.190874155150776,0.0941418677784917,0.77685546875,0.84716796875,0.42578125,0.41650390625,0.4118754714727402,0.07427978515625,0.405517578125,0.5869140625,0.1309814453125,0.0261077880859375,0.5730135440826416,0.07904052734375,0.56005859375,0.408935546875,0.0352783203125,0.0970169566571712,0.1903076171875,0.0947265625,0.75244140625,0.8232421875,0.35546875,0.3955078125,0.3317270427942276,0.061279296875,0.367431640625,0.5400390625,0.11322021484375,0.0242156982421875,0.4876933768391609,0.06475830078125,0.5203857421875,0.369384765625,0.03167724609375,0.0729872528463602,0.1663818359375,0.08477783203125,0.7998046875,0.87060546875,0.4921875,0.43798828125,0.4821103513240814,0.0877685546875,0.439453125,0.63232421875,0.1573486328125,0.0283050537109375,0.6395290046930313,0.09503173828125,0.6015625,0.446533203125,0.03851318359375,0.1214010845869779,0.215087890625,0.103515625,16
30,Sterculia Parviflora,0.7967310810574774,0.8703170243797355,0.4657209702210905,0.4610772645187709,0.4688465056612156,0.0889069786161802,0.4573387380061483,0.5403179244038008,0.1083920087566761,0.0331426470520451,0.6055303707805839,0.1083092330005831,0.5936990855658458,0.3747233366051189,0.0459121497517534,0.1244028502125064,0.1807114972252088,0.1182710843979979,0.796875,0.873046875,0.4765625,0.4619140625,0.4744442999362945,0.0902099609375,0.45703125,0.552734375,0.10784912109375,0.032928466796875,0.6158322095870972,0.11041259765625,0.60546875,0.378662109375,0.04510498046875,0.1248329356312751,0.1810302734375,0.1171875,0.7705078125,0.84912109375,0.4140625,0.438232421875,0.4236359745264053,0.072265625,0.43359375,0.50537109375,0.0894775390625,0.0309295654296875,0.5722503662109375,0.084625244140625,0.56787109375,0.3409423828125,0.0413818359375,0.1007850617170333,0.1622314453125,0.10748291015625,0.826416015625,0.89404296875,0.52734375,0.487060546875,0.5208460092544556,0.10400390625,0.485595703125,0.58203125,0.1270751953125,0.035797119140625,0.6527643203735352,0.134033203125,0.625,0.40869140625,0.05108642578125,0.1475197672843933,0.1990966796875,0.1290283203125,16
20,Claoxylon Indicum,0.6822153517431415,0.763392552005218,0.4177329396325459,0.427444524756671,0.2628074510079103,0.0921371473310709,0.2698636059164479,0.6282105056692132,0.1891326313092699,0.0187763242241204,0.3931753756444672,0.0906117642734843,0.4021993893829677,0.4933046088965442,0.0215528850748514,0.0611052652362325,0.2366677813344621,0.060602556897795,0.70263671875,0.7861328125,0.4296875,0.43359375,0.266666978597641,0.09222412109375,0.276123046875,0.6376953125,0.1781005859375,0.018768310546875,0.405701994895935,0.09381103515625,0.41064453125,0.4951171875,0.0217132568359375,0.0586208626627922,0.2265625,0.061981201171875,0.64599609375,0.72998046875,0.3203125,0.3935546875,0.1985548287630081,0.0771484375,0.2315673828125,0.59130859375,0.1483154296875,0.0162506103515625,0.329250156879425,0.07421875,0.356689453125,0.459716796875,0.0176239013671875,0.0386352241039276,0.204833984375,0.049774169921875,0.74560546875,0.82861328125,0.51953125,0.468505859375,0.3277675211429596,0.1072998046875,0.3173828125,0.67041015625,0.2105712890625,0.0222015380859375,0.4676191806793213,0.1085205078125,0.459228515625,0.52783203125,0.0267791748046875,0.0799046903848648,0.257080078125,0.07366943359375,5
4,Falcataria Moluccana,0.8093813790251215,0.8810428787708685,0.4628633505917159,0.464943310051577,0.4852317480853147,0.0860315282971599,0.4849057478916816,0.6546276772919088,0.2412539620613104,0.0348920098221715,0.6476346103678239,0.0928698491445559,0.6486616966266906,0.4198649453995899,0.0472155750110203,0.1207144543175236,0.2076206675809213,0.1176411288367019,0.81298828125,0.88720703125,0.46875,0.466796875,0.4815540164709091,0.08331298828125,0.4833984375,0.66455078125,0.2264404296875,0.035064697265625,0.6522580981254578,0.09063720703125,0.65185546875,0.422119140625,0.046661376953125,0.1134733036160469,0.20263671875,0.11517333984375,0.77490234375,0.85205078125,0.4140625,0.43017578125,0.4143310934305191,0.0625,0.4365234375,0.5947265625,0.1708984375,0.032073974609375,0.5852415859699249,0.068359375,0.6044921875,0.35107421875,0.04071044921875,0.0918631833046674,0.1527099609375,0.09912109375,0.8486328125,0.91943359375,0.515625,0.50048828125,0.5554747730493546,0.1053466796875,0.53515625,0.7216796875,0.28857421875,0.03814697265625,0.7186241447925568,0.11383056640625,0.7001953125,0.489013671875,0.05340576171875,0.142575241625309,0.25439453125,0.135009765625,8
26,Sterculia Parviflora,0.8109963507401315,0.8532340923108552,0.3497507195723684,0.3459846255653783,0.3739297082490826,0.0815806060088308,0.3641810045744243,0.537682173879523,0.1537725589149876,0.0256993705347964,0.4455099450130211,0.0794435325421785,0.4372451300370066,0.3011340010793585,0.0483525205913342,0.1306827221065759,0.1576078013369911,0.1237367810701069,0.82666015625,0.86767578125,0.33984375,0.34521484375,0.3953634649515152,0.07379150390625,0.37060546875,0.5283203125,0.1085205078125,0.0263671875,0.4620773941278457,0.07794189453125,0.437744140625,0.2894287109375,0.049285888671875,0.1308996304869651,0.1278076171875,0.129150390625,0.76904296875,0.8123779296875,0.26953125,0.310546875,0.2450567595660686,0.05462646484375,0.31317138671875,0.47088623046875,0.09326171875,0.0229339599609375,0.3438269048929214,0.060089111328125,0.387451171875,0.2357177734375,0.041717529296875,0.0722257811576128,0.10235595703125,0.106201171875,0.86474609375,0.90673828125,0.41796875,0.381103515625,0.4793812781572342,0.09625244140625,0.4248046875,0.583984375,0.132568359375,0.0290107727050781,0.5388170629739761,0.09771728515625,0.492919921875,0.3515625,0.0543212890625,0.1768758371472358,0.167236328125,0.1435546875,16
11,Clausena Excavata,0.6371391745174633,0.7312703929227942,0.3179044117647059,0.3235305606617647,0.3695305747100535,0.0645817476160386,0.3708391615923713,0.5832206456801471,0.1619173835305606,0.0232590260225183,0.497086767799714,0.0643068874583524,0.4987452607996323,0.4356043916590073,0.0292043259564568,0.0845661918736775,0.1970961626838235,0.0824801635742187,0.6396484375,0.73681640625,0.3359375,0.32080078125,0.3775418400764465,0.06341552734375,0.369384765625,0.58251953125,0.15582275390625,0.02313232421875,0.5024533867835999,0.0609130859375,0.496337890625,0.44140625,0.0289688110351562,0.0857576541602611,0.193603515625,0.08233642578125,0.6043701171875,0.6982421875,0.265625,0.30712890625,0.2875001281499862,0.0474853515625,0.33050537109375,0.53564453125,0.1314697265625,0.0214691162109375,0.4187311306595802,0.04718017578125,0.45556640625,0.377197265625,0.026397705078125,0.0615095775574445,0.161590576171875,0.07391357421875,0.671875,0.76904296875,0.3828125,0.34033203125,0.4600527510046959,0.07843017578125,0.41064453125,0.63623046875,0.1871337890625,0.025238037109375,0.586518332362175,0.0806427001953125,0.5419921875,0.490966796875,0.032012939453125,0.1075049955397844,0.22998046875,0.09124755859375,6
15,Clausena Excavata,0.722339668506721,0.8002319235269256,0.3437198800614382,0.3458905994705333,0.3964075495089715,0.067609381640329,0.3935608332962874,0.5786531760750402,0.1526282397154906,0.0242038690943578,0.5189916584112332,0.067681165962905,0.5166309978945035,0.4211187851855646,0.031349430339045,0.0926169758106445,0.1940278196893233,0.0890183861688597,0.73095703125,0.8095703125,0.3515625,0.3447265625,0.4024350196123123,0.0657958984375,0.398681640625,0.58740234375,0.146240234375,0.0244140625,0.5265390872955322,0.0662841796875,0.52197265625,0.419189453125,0.03173828125,0.0919681079685688,0.19287109375,0.0894775390625,0.67333984375,0.75341796875,0.27734375,0.3125,0.3176759630441665,0.05010986328125,0.34228515625,0.5223388671875,0.11572265625,0.0212860107421875,0.4463222920894623,0.049407958984375,0.4716796875,0.372314453125,0.0260162353515625,0.0669219177216291,0.164306640625,0.0750732421875,0.7705078125,0.84765625,0.4140625,0.374755859375,0.4805018901824951,0.0843505859375,0.43994140625,0.63671875,0.1788330078125,0.0268096923828125,0.6019121259450912,0.08612060546875,0.56396484375,0.469970703125,0.03594970703125,0.1178758405148983,0.22412109375,0.1011962890625,6
3,Falcataria Moluccana,0.7763134352734498,0.8570972169039207,0.4959622214365409,0.4976455454314125,0.4451871043940054,0.0788277979820005,0.4449498554997932,0.595861210690148,0.1911297055348086,0.030938777272469,0.6266018107516683,0.0790014370757884,0.6279832829810816,0.4100824698362461,0.0376525709855306,0.0975319182813321,0.2107046151213462,0.0942738603209015,0.78076171875,0.8642578125,0.4921875,0.49609375,0.4479480534791946,0.07476806640625,0.44921875,0.60107421875,0.1776123046875,0.0309600830078125,0.6376410722732544,0.0755615234375,0.63720703125,0.407958984375,0.037109375,0.092802744358778,0.201416015625,0.0936279296875,0.73291015625,0.81982421875,0.43359375,0.454345703125,0.3637472242116928,0.05731201171875,0.387939453125,0.533203125,0.1317138671875,0.027313232421875,0.5462481528520584,0.055694580078125,0.56787109375,0.337646484375,0.0312042236328125,0.0695409011095762,0.1593017578125,0.078125,0.82373046875,0.90087890625,0.5546875,0.5380859375,0.5293205380439758,0.09674072265625,0.5029296875,0.66943359375,0.23681640625,0.034698486328125,0.7176815718412399,0.09814453125,0.69091796875,0.481689453125,0.043426513671875,0.1188363190740346,0.251708984375,0.10870361328125,8
23,Sterculia Parviflora,0.6314384160559627,0.7056432593115006,0.3185591116339107,0.3113844717128685,0.2576725663199057,0.1060352033174173,0.2551585279410081,0.686645751790473,0.264120225188416,0.0160054785660471,0.3658936350798106,0.1047329886764943,0.3645966572415264,0.526390751705894,0.0206860473043199,0.0623997275853749,0.2680698829361155,0.0584043214354492,0.63525390625,0.71337890625,0.30078125,0.31640625,0.2601429373025894,0.1070556640625,0.25048828125,0.67041015625,0.2149658203125,0.015869140625,0.3679264485836029,0.10308837890625,0.3544921875,0.546142578125,0.0199127197265625,0.0608401838690042,0.2725830078125,0.058074951171875,0.5908203125,0.66845703125,0.2265625,0.26416015625,0.2103816196322441,0.08807373046875,0.226776123046875,0.6240234375,0.1802978515625,0.014678955078125,0.3161129951477051,0.0833740234375,0.33123779296875,0.4814453125,0.0174407958984375,0.0450561679899692,0.2398681640625,0.048553466796875,0.6650390625,0.74462890625,0.40234375,0.35498046875,0.3067228570580482,0.12451171875,0.2861328125,0.7451171875,0.308349609375,0.0171356201171875,0.4187566265463829,0.1248779296875,0.406982421875,0.59130859375,0.022369384765625,0.076032405719161,0.306396484375,0.0648193359375,16
0,Falcataria Moluccana,0.7777534461455153,0.8558794117898971,0.5012708825846647,0.5024020323604248,0.4198806512888705,0.0929480160114308,0.418472148644513,0.6692973597468591,0.251122084150723,0.0299721911069749,0.5896231524086657,0.0935462485219221,0.5895792655839606,0.4742975861862106,0.035624835364608,0.0957928208011404,0.2398434674532578,0.0923957523238719,0.78125,0.86083984375,0.50390625,0.5009765625,0.4207039177417755,0.08953857421875,0.421630859375,0.67822265625,0.2344970703125,0.030242919921875,0.6001677811145782,0.09063720703125,0.59716796875,0.480712890625,0.03521728515625,0.0905709564685821,0.23583984375,0.09185791015625,0.7431640625,0.82861328125,0.44921875,0.469970703125,0.3570896089076996,0.06964111328125,0.37548828125,0.61572265625,0.181884765625,0.0262451171875,0.5336098819971085,0.0687255859375,0.55029296875,0.40673828125,0.029449462890625,0.0718210879713296,0.18994140625,0.07818603515625,0.81591796875,0.8876953125,0.5546875,0.53466796875,0.4833312407135963,0.11163330078125,0.465087890625,0.73046875,0.296875,0.03350830078125,0.6587216556072235,0.1141357421875,0.63671875,0.54541015625,0.041168212890625,0.1121988743543624,0.284423828125,0.1053466796875,8
17,Sandoricum Koetjape,0.6990576174653746,0.7591960737652587,0.3429869341139313,0.3451022975894712,0.3672464765967865,0.0653986717013978,0.3665934068804419,0.5428078328181909,0.147875685836198,0.0229364025655217,0.5145356222178177,0.0715207221701778,0.5148084029612985,0.3290004383749715,0.0352238731750073,0.0857807383016188,0.1874471588447374,0.0828964323707683,0.72412109375,0.7822265625,0.3359375,0.338623046875,0.3556239902973175,0.057098388671875,0.372314453125,0.537109375,0.12066650390625,0.02294921875,0.5237256288528442,0.0672607421875,0.52490234375,0.294677734375,0.03497314453125,0.0770071074366569,0.1656494140625,0.08343505859375,0.61767578125,0.69873046875,0.23046875,0.2763671875,0.2552662715315819,0.043243408203125,0.300537109375,0.46875,0.0860595703125,0.0185546875,0.4267467707395553,0.050750732421875,0.455810546875,0.220458984375,0.023529052734375,0.0458734547719359,0.126953125,0.061798095703125,0.7998046875,0.84814453125,0.4453125,0.412841796875,0.4751748889684677,0.07904052734375,0.4404296875,0.61083984375,0.1773681640625,0.0274658203125,0.6228700429201126,0.08819580078125,0.59375,0.42041015625,0.0456008911132812,0.1166158597916364,0.2242431640625,0.10418701171875,13
29,Dillenia Suffruticosa,0.6396131969633556,0.7285752069382441,0.3054286411830357,0.3078106471470424,0.3822209503878617,0.0628849892389206,0.3762753804524739,0.5443249657040551,0.111970651717413,0.0231086413065592,0.4943984828201965,0.0644243785313197,0.4920734223865327,0.3875546228317987,0.0291655517759777,0.0926903165139568,0.1671993164789109,0.0862971260434105,0.6474609375,0.736328125,0.298828125,0.30322265625,0.3955240994691849,0.0615997314453125,0.379150390625,0.556884765625,0.107635498046875,0.0230865478515625,0.508482426404953,0.063995361328125,0.4923095703125,0.385498046875,0.0294418334960937,0.093653380870819,0.1644287109375,0.08807373046875,0.6199951171875,0.7099609375,0.22265625,0.291748046875,0.3059559464454651,0.0523910522460937,0.358642578125,0.49847412109375,0.093109130859375,0.02178955078125,0.42936572432518,0.052703857421875,0.472900390625,0.353271484375,0.0268096923828125,0.0611139386892318,0.1484375,0.0806884765625,0.6630859375,0.7548828125,0.375,0.322265625,0.4608857706189155,0.0715484619140625,0.399658203125,0.5933837890625,0.127105712890625,0.0242767333984375,0.5635058283805847,0.0747833251953125,0.51513671875,0.4249267578125,0.0306892395019531,0.1188617441803217,0.186798095703125,0.09246826171875,7
12,Cinnamomum Iners,0.7116290257676645,0.76618185343523,0.3788449147956563,0.3797817097274195,0.3589008332507336,0.0577157792357667,0.3627536102025476,0.5145187107363931,0.1143997136030496,0.0268031006546052,0.4875200317073446,0.0590385488139316,0.4918747215076002,0.3229178370035097,0.0410189329929134,0.098812399276854,0.1558872224486465,0.0973069037059743,0.71533203125,0.77099609375,0.37890625,0.374267578125,0.3488188982009887,0.055572509765625,0.360595703125,0.517578125,0.10748291015625,0.026702880859375,0.4896580278873443,0.057403564453125,0.4921875,0.321044921875,0.040557861328125,0.0890136212110519,0.14892578125,0.09552001953125,0.6630859375,0.71923828125,0.3046875,0.344482421875,0.2654008567333221,0.044189453125,0.307373046875,0.4658203125,0.08551025390625,0.0234832763671875,0.401129275560379,0.045928955078125,0.436767578125,0.263916015625,0.03399658203125,0.0614814478904008,0.1192626953125,0.078369140625,0.7626953125,0.81640625,0.453125,0.40966796875,0.4456422030925751,0.0682373046875,0.417236328125,0.56591796875,0.1322021484375,0.0301513671875,0.5781719088554382,0.070068359375,0.55078125,0.37646484375,0.047515869140625,0.1264640986919403,0.1866455078125,0.11566162109375,4
10,Cinnamomum Iners,0.7531574918908716,0.8136801213672645,0.3438224235700197,0.3445759128066444,0.4141183054313446,0.0521675903651371,0.4150016348272621,0.4800288875662599,0.090314077343461,0.0286507439096063,0.5471213521729765,0.0617887758409248,0.5499591413569404,0.2597672682542067,0.0464447405211318,0.1234612853444021,0.1152990698579265,0.1208769262189695,0.77490234375,0.83203125,0.33984375,0.33642578125,0.4192796647548675,0.051971435546875,0.42138671875,0.482177734375,0.08349609375,0.0288238525390625,0.5591170191764832,0.060089111328125,0.55126953125,0.2548828125,0.047760009765625,0.1172203719615936,0.1129150390625,0.1231689453125,0.69677734375,0.76708984375,0.25390625,0.306396484375,0.3058868572115898,0.0430831909179687,0.361572265625,0.441650390625,0.0694580078125,0.0247802734375,0.4575607255101204,0.047882080078125,0.5023193359375,0.2208251953125,0.037353515625,0.0752289686352014,0.09625244140625,0.09954833984375,0.81591796875,0.87060546875,0.43359375,0.37744140625,0.5232152938842773,0.060791015625,0.47314453125,0.5205078125,0.104248046875,0.033111572265625,0.645409494638443,0.0751953125,0.60498046875,0.29425048828125,0.05572509765625,0.1662469021975994,0.1318359375,0.1424560546875,4
25,Pennisetum Purpureum,0.5902617457513077,0.66117202026886,0.3739498680584746,0.3797297214705642,0.1592833183748086,0.1770425961935271,0.1591583304690054,0.7552147871932068,0.3390313618364975,0.0121719545108979,0.246658835965827,0.1444970094797395,0.2471428015471384,0.6369269097860767,0.0151990544238666,0.040378609425167,0.4263632290946024,0.037677654251926,0.59228515625,0.669921875,0.375,0.376708984375,0.1563914865255355,0.17578125,0.1580810546875,0.74853515625,0.29638671875,0.0121688842773437,0.246829517185688,0.143798828125,0.2427978515625,0.642578125,0.01416015625,0.0384480487555265,0.42822265625,0.03759765625,0.517578125,0.609375,0.29296875,0.335693359375,0.1284024752676487,0.139892578125,0.1383056640625,0.70654296875,0.2479248046875,0.00994873046875,0.2106100134551525,0.1142578125,0.226318359375,0.5625,0.01043701171875,0.0296804276295006,0.3662109375,0.0300140380859375,0.65625,0.712890625,0.45703125,0.423583984375,0.1875948421657085,0.212890625,0.177001953125,0.798828125,0.398681640625,0.0140304565429687,0.2838389202952385,0.174560546875,0.2705078125,0.7060546875,0.01861572265625,0.0490955617278814,0.487548828125,0.0439453125,11
22,Pometia Pinnata,0.8146830703094917,0.8782416084063343,0.3011106565267616,0.2878433480187476,0.4168688503822364,0.0881640610898693,0.4140447323534366,0.5842575643170004,0.1544762671246269,0.0224046850369717,0.5466673811284404,0.1212257852359693,0.5448897240205044,0.3529074826422314,0.0371502394119867,0.1131227448034685,0.1629186254948618,0.1091677812966283,0.810546875,0.87451171875,0.2734375,0.284912109375,0.4163874089717865,0.0863037109375,0.417236328125,0.58837890625,0.1446533203125,0.0221099853515625,0.5494372248649597,0.1234130859375,0.5458984375,0.345703125,0.03765869140625,0.1090702638030052,0.162353515625,0.110595703125,0.77294921875,0.85107421875,0.20703125,0.25244140625,0.3616119921207428,0.0721435546875,0.389404296875,0.54150390625,0.0958251953125,0.0198974609375,0.5123940706253052,0.0977783203125,0.52978515625,0.313232421875,0.030059814453125,0.0799010843038559,0.1409912109375,0.09307861328125,0.8662109375,0.91064453125,0.39453125,0.326904296875,0.4704945683479309,0.10333251953125,0.439697265625,0.63134765625,0.2012939453125,0.0250244140625,0.5838818550109863,0.144287109375,0.56396484375,0.389404296875,0.0439453125,0.1418008059263229,0.1827392578125,0.125244140625,12
5,Spathodea Campanulatum,0.7659904850174993,0.8372272543582909,0.4955893926279577,0.4963359865431193,0.4672256787710065,0.0615250583418494,0.4658819636563495,0.5035517219777149,0.0899142400623651,0.0313215899343563,0.6473162941487715,0.0723213012806578,0.6472466340713691,0.3452413689924476,0.0372267879614202,0.098429613070287,0.1718857169660421,0.0950359677298571,0.775390625,0.84814453125,0.5078125,0.50390625,0.4676973521709442,0.0587158203125,0.471435546875,0.50146484375,0.0819091796875,0.032012939453125,0.6590259075164795,0.07025146484375,0.65966796875,0.344482421875,0.037353515625,0.0936939120292663,0.163818359375,0.0955810546875,0.724609375,0.80078125,0.41796875,0.4609375,0.3650461435317993,0.046875,0.400390625,0.452880859375,0.06524658203125,0.0271759033203125,0.5601635575294495,0.053558349609375,0.58056640625,0.30078125,0.031005859375,0.0646612122654914,0.13623046875,0.07818603515625,0.81787109375,0.88623046875,0.5859375,0.5390625,0.5691066980361938,0.0733642578125,0.53271484375,0.55224609375,0.1053466796875,0.03564453125,0.7461063861846924,0.08819580078125,0.716796875,0.384521484375,0.04339599609375,0.125810444355011,0.1966552734375,0.11212158203125,15
8,Shorea Leprosula,0.5675924870597554,0.6399535952926982,0.2480624171087533,0.2434877485010499,0.218382958846478,0.1103956254576287,0.2125204745696562,0.7050083294190245,0.2867966979926503,0.0122841650358245,0.310038483880884,0.0905624353671333,0.304386947276562,0.5612109763552718,0.0179228947080414,0.0538325808160588,0.3417243271705994,0.0498246457982196,0.56689453125,0.640625,0.23828125,0.2401123046875,0.2109601721167564,0.099334716796875,0.2156982421875,0.70947265625,0.27880859375,0.0122146606445312,0.3107959032058716,0.086334228515625,0.310546875,0.57763671875,0.0181121826171875,0.0490616299211978,0.3310546875,0.04949951171875,0.55078125,0.62255859375,0.1953125,0.2261962890625,0.1558237485587597,0.08160400390625,0.1982421875,0.68115234375,0.25244140625,0.011322021484375,0.2375749461352825,0.0683135986328125,0.287841796875,0.51318359375,0.016632080078125,0.040538290515542,0.29376220703125,0.04608154296875,0.58544921875,0.6630859375,0.29296875,0.255859375,0.2717045918107033,0.12200927734375,0.2303466796875,0.73095703125,0.308837890625,0.0131454467773437,0.3744414672255516,0.1055145263671875,0.326904296875,0.62744140625,0.0195465087890625,0.0646968223154544,0.38299560546875,0.053863525390625,14
31,Ficus Variegata,0.7742554239889263,0.8517946463499038,0.4614524404188734,0.4620137640301516,0.5041505443064794,0.0589500187013834,0.5038340257507824,0.4711638631439576,0.0714536646483434,0.0343184888506371,0.6834463785652594,0.0815560288628994,0.6845607678592922,0.3088864860112241,0.0428097679641422,0.1171338129601206,0.1414375181019048,0.1140480543273426,0.77978515625,0.85791015625,0.46484375,0.46044921875,0.5127704739570618,0.05828857421875,0.50732421875,0.4736328125,0.06829833984375,0.0338134765625,0.701210081577301,0.08074951171875,0.6943359375,0.31005859375,0.04229736328125,0.1145411506295204,0.140380859375,0.11370849609375,0.7431640625,0.82568359375,0.37109375,0.4140625,0.417389303445816,0.049346923828125,0.4658203125,0.42919921875,0.05633544921875,0.03094482421875,0.6204331517219543,0.065673828125,0.65478515625,0.277587890625,0.03729248046875,0.0821205228567123,0.1248779296875,0.1014404296875,0.8125,0.88623046875,0.55859375,0.513671875,0.5977813005447388,0.06817626953125,0.5478515625,0.51416015625,0.08251953125,0.037872314453125,0.7625669240951538,0.09674072265625,0.7314453125,0.340087890625,0.048187255859375,0.1487029939889907,0.156494140625,0.1258544921875,9
7,Spathodea Campanulatum,0.5513560744939814,0.6520262697994342,0.3572343026489867,0.3571349325647839,0.309326958818549,0.0880316134948381,0.305706841064321,0.6376374179865245,0.1997426745479941,0.0199442582888695,0.4964492984182836,0.0853429269328981,0.4927830475977271,0.5184408364466193,0.020050523916106,0.0550018173559213,0.293211510552912,0.0514200141636504,0.5498046875,0.65625,0.36328125,0.35986328125,0.3032215237617492,0.08306884765625,0.304443359375,0.634765625,0.1871337890625,0.0197296142578125,0.5058106780052185,0.08123779296875,0.494873046875,0.52294921875,0.0191802978515625,0.0490138791501522,0.2861328125,0.049530029296875,0.50048828125,0.6025390625,0.296875,0.328857421875,0.2408071905374527,0.066497802734375,0.258544921875,0.583984375,0.1431884765625,0.016754150390625,0.4243746101856231,0.06072998046875,0.433349609375,0.4482421875,0.0155563354492187,0.0364948045462369,0.2208251953125,0.03973388671875,0.6083984375,0.71044921875,0.42578125,0.39404296875,0.3773722201585769,0.106201171875,0.359375,0.693359375,0.236083984375,0.0234832763671875,0.5901369154453278,0.10443115234375,0.5693359375,0.58251953125,0.024139404296875,0.0670622363686561,0.357177734375,0.061431884765625,15
2,Bridelia Sp.,0.6874680256851814,0.7386987029462149,0.4530273314665812,0.4555965668412672,0.2427426833551316,0.1216664957080276,0.2418778971498753,0.6995068777395095,0.3057187401473547,0.0172627314595785,0.3709812667997787,0.1098317493901628,0.3713076815718071,0.5484339088273683,0.0216691596474813,0.0522570560157547,0.3369349896549815,0.0490106834727583,0.69384765625,0.7421875,0.4609375,0.459228515625,0.2307377904653549,0.114013671875,0.2271728515625,0.70068359375,0.278564453125,0.0167083740234375,0.3574298322200775,0.1029052734375,0.35302734375,0.5478515625,0.0213775634765625,0.0488524101674556,0.335205078125,0.046295166015625,0.64306640625,0.6904296875,0.3828125,0.413818359375,0.1823108382523059,0.08575439453125,0.1981201171875,0.63916015625,0.2158203125,0.0144500732421875,0.2990398705005646,0.076171875,0.315673828125,0.482177734375,0.0176544189453125,0.0360313467681407,0.266357421875,0.0389404296875,0.7392578125,0.79052734375,0.53125,0.5,0.2855901941657066,0.149169921875,0.266845703125,0.759765625,0.364013671875,0.0197944641113281,0.4205230548977852,0.1351318359375,0.40185546875,0.61669921875,0.025421142578125,0.0635025594383478,0.40478515625,0.05548095703125,1
16,Syzygium Polyanthum,0.7355321050139867,0.7955324618836959,0.426164311981393,0.4243412684459077,0.4045562353670502,0.0657201742508437,0.4112721226479339,0.5399446782377577,0.120100518062682,0.0291649582859416,0.5975023468430389,0.0744444856938627,0.603851315801536,0.355448988135228,0.0372216679725969,0.0946054674567756,0.1728051735303516,0.0947942889632967,0.73388671875,0.7978515625,0.4296875,0.42236328125,0.393688827753067,0.0606689453125,0.40966796875,0.5390625,0.11151123046875,0.029144287109375,0.6087134480476379,0.07476806640625,0.61181640625,0.34130859375,0.036376953125,0.0808754786849021,0.149169921875,0.09185791015625,0.67236328125,0.73583984375,0.35546875,0.387939453125,0.3169775903224945,0.047943115234375,0.355224609375,0.482666015625,0.0921630859375,0.025482177734375,0.5290663242340088,0.05694580078125,0.5556640625,0.28271484375,0.028961181640625,0.0578056070953607,0.1180419921875,0.0701904296875,0.79345703125,0.8525390625,0.50390625,0.4599609375,0.4863732606172561,0.0772705078125,0.463623046875,0.59814453125,0.1405029296875,0.03265380859375,0.6826929748058319,0.0911865234375,0.65185546875,0.418212890625,0.04425048828125,0.1212909035384655,0.2225341796875,0.1148681640625,17
28,Leea Indica,0.8088443722345132,0.8462344452818232,0.3155534819492469,0.3201635016762329,0.3706396075046049,0.0854752864814172,0.3790609501369923,0.5200332528030314,0.110246676322214,0.028262427828065,0.4256720677439971,0.1031385460988666,0.4342583367520365,0.2817466944649973,0.0541319961963683,0.131252441357786,0.1430524986905145,0.1315902372824239,0.82275390625,0.85546875,0.30859375,0.31640625,0.3730582594871521,0.0833740234375,0.377685546875,0.5224609375,0.10601806640625,0.028289794921875,0.4310092628002167,0.1007080078125,0.4326171875,0.282470703125,0.05450439453125,0.1288336664438247,0.140869140625,0.1328125,0.7763671875,0.82177734375,0.25390625,0.292724609375,0.3118045330047607,0.06793212890625,0.34765625,0.465087890625,0.080810546875,0.0250396728515625,0.3765615373849869,0.08013916015625,0.404296875,0.24444580078125,0.045928955078125,0.0964297316968441,0.12139892578125,0.11761474609375,0.84814453125,0.88037109375,0.375,0.34375,0.4302233010530472,0.10076904296875,0.412353515625,0.576171875,0.134521484375,0.0308990478515625,0.4777264595031738,0.12213134765625,0.467041015625,0.321533203125,0.0611572265625,0.1627779975533485,0.1629638671875,0.1463623046875,10
1,Ficus Variegata,0.7526443965660754,0.830298248939304,0.507098182180001,0.5090751087699948,0.3848572077944414,0.0725136509474387,0.3831593593274268,0.5045060978891216,0.0858586925613639,0.0291438516343699,0.5711989521690178,0.0852263827915426,0.5706972001638745,0.3522212793593828,0.0336365494051537,0.0883651067902686,0.1829119740337829,0.0849871007032417,0.7607421875,0.8388671875,0.51953125,0.50927734375,0.3807478547096252,0.0675048828125,0.38916015625,0.50146484375,0.077392578125,0.0296478271484375,0.5738317668437958,0.0797119140625,0.5791015625,0.343994140625,0.034027099609375,0.0829594954848289,0.1732177734375,0.0858154296875,0.7177734375,0.80126953125,0.43359375,0.477294921875,0.3042277097702026,0.054168701171875,0.3447265625,0.45751953125,0.06341552734375,0.0262718200683593,0.5016800314188004,0.0631103515625,0.529296875,0.2958984375,0.028717041015625,0.058348337188363,0.1439208984375,0.07354736328125,0.79931640625,0.87158203125,0.59375,0.5439453125,0.4590080082416534,0.085693359375,0.42333984375,0.5498046875,0.099609375,0.0323486328125,0.644246056675911,0.10174560546875,0.615234375,0.39697265625,0.038665771484375,0.1122194267809391,0.2091064453125,0.0966796875,9
24,Calophyllum,0.7922044836956522,0.8549463497185559,0.4353103163819876,0.438060310316382,0.3850970712507733,0.1194495917847437,0.3787299683375388,0.6534871166537267,0.203999015855493,0.0262242192807404,0.5072486623196129,0.1159966036399699,0.4966957613548137,0.4145606378590838,0.0372669385827105,0.0974307218624383,0.2257633564635093,0.096558185838024,0.78955078125,0.8544921875,0.43359375,0.4427490234375,0.3827663660049438,0.12200927734375,0.381103515625,0.65185546875,0.20330810546875,0.0265426635742187,0.5116362571716309,0.1181640625,0.5,0.413330078125,0.037017822265625,0.0869263559579849,0.2215576171875,0.09722900390625,0.78125,0.8427734375,0.390625,0.42822265625,0.3513639196753502,0.111907958984375,0.36083984375,0.6328125,0.188720703125,0.025146484375,0.4802748262882232,0.1028594970703125,0.47869873046875,0.37255859375,0.0355224609375,0.0757310688495636,0.202484130859375,0.0908050537109375,0.8028564453125,0.86865234375,0.4775390625,0.449462890625,0.4169946983456611,0.129913330078125,0.398681640625,0.6715087890625,0.221832275390625,0.0273170471191406,0.5380766242742538,0.130889892578125,0.51953125,0.46112060546875,0.039031982421875,0.1132048070430755,0.2545166015625,0.1013946533203125,2
13,Alstonia Angulstiloba,0.895330230949461,0.9237957385159278,0.3704885083575581,0.3725296966789305,0.5091541535026112,0.0742159200269122,0.5090744432552841,0.5225299302921739,0.1005322744680005,0.0364735921223958,0.5655715899383144,0.0897878744805506,0.5667149802511052,0.2693516428156416,0.0715722993362781,0.1766331988280772,0.1370030839313832,0.1733068155687908,0.89990234375,0.92919921875,0.375,0.37353515625,0.5202302932739258,0.07269287109375,0.5166015625,0.5234375,0.09356689453125,0.0367431640625,0.5755021572113037,0.088623046875,0.57080078125,0.258056640625,0.07177734375,0.1756238341331482,0.1317138671875,0.1744384765625,0.87158203125,0.90625,0.3125,0.351318359375,0.4494280517101288,0.058929443359375,0.474365234375,0.471923828125,0.07421875,0.033935546875,0.5159120559692383,0.0728759765625,0.5361328125,0.2130126953125,0.063232421875,0.1410884000360965,0.10699462890625,0.156982421875,0.92626953125,0.94677734375,0.4296875,0.39501953125,0.5814076066017151,0.088623046875,0.54638671875,0.57421875,0.1207275390625,0.03936767578125,0.6254535019397736,0.10626220703125,0.59814453125,0.31689453125,0.08062744140625,0.2126375548541546,0.1600341796875,0.1907958984375,0
9,Syzygium Polyanthum,0.6165560148175064,0.6788937117702277,0.3511743984173127,0.3548143017199612,0.2881762910167414,0.1029919262080229,0.2920827939528827,0.6623753747274709,0.2253276499666908,0.020410779218649,0.4303986815933032,0.1013787454412889,0.4346465827882751,0.4940765065432211,0.0269891635392063,0.0628761173775227,0.2859309903719012,0.0620185408481331,0.615234375,0.67626953125,0.35546875,0.359619140625,0.2824480235576629,0.09893798828125,0.28076171875,0.6591796875,0.2032470703125,0.0200653076171875,0.425939604640007,0.09698486328125,0.4208984375,0.493408203125,0.0261459350585937,0.0596943125128746,0.280517578125,0.059417724609375,0.576171875,0.6376953125,0.296875,0.3232421875,0.2335475571453571,0.0784912109375,0.251220703125,0.61328125,0.166015625,0.0178985595703125,0.3687987029552459,0.07354736328125,0.384033203125,0.4287109375,0.0229911804199218,0.0466581964865326,0.228759765625,0.052215576171875,0.669921875,0.73486328125,0.4140625,0.386962890625,0.341049924492836,0.1221923828125,0.3388671875,0.7099609375,0.255859375,0.02294921875,0.4980476498603821,0.12359619140625,0.49853515625,0.5625,0.03057861328125,0.0759124048054218,0.33935546875,0.07122802734375,17
14,Spathodea Campanulatum,0.7969936990865046,0.8584042342893254,0.524008532873887,0.5262260995428593,0.5018752024454339,0.060700762984894,0.4994055097794783,0.4258973945691747,0.0583434295615917,0.04489251033204,0.641379674585423,0.0773832783731897,0.6398367226210763,0.2444406349454237,0.0680809088159635,0.1592391531062185,0.1140023446477654,0.1561390565754848,0.80078125,0.862060546875,0.53515625,0.5322265625,0.5081683993339539,0.0594482421875,0.501953125,0.428466796875,0.05572509765625,0.045257568359375,0.6559437811374664,0.07373046875,0.64404296875,0.2457275390625,0.06829833984375,0.1540185585618019,0.113037109375,0.156494140625,0.77099609375,0.83642578125,0.46484375,0.492919921875,0.4278457686305046,0.048797607421875,0.466064453125,0.38525390625,0.0467529296875,0.041717529296875,0.5841801315546036,0.058807373046875,0.60791015625,0.2169189453125,0.06060791015625,0.1179880201816558,0.0985107421875,0.1419677734375,0.82568359375,0.8857421875,0.59375,0.556640625,0.581919401884079,0.071533203125,0.53564453125,0.468505859375,0.0672607421875,0.047943115234375,0.7146064639091492,0.09466552734375,0.67724609375,0.27294921875,0.07476806640625,0.1946189068257808,0.129150390625,0.171142578125,15
