index,tree_name,r_glcm_mean,r_mean_homogeneity,r_mean_contrast,r_mean_dissimilarity,r_mean_ASM,r_mean_correlation,r_mean_energy,g_glcm_mean,g_mean_homogeneity,g_mean_contrast,g_mean_dissimilarity,g_mean_ASM,g_mean_correlation,g_mean_energy,b_glcm_mean,b_mean_homogeneity,b_mean_contrast,b_mean_dissimilarity,b_mean_ASM,b_mean_correlation,b_mean_energy,RE_glcm_mean,RE_mean_homogeneity,RE_mean_contrast,RE_mean_dissimilarity,RE_mean_ASM,RE_mean_correlation,RE_mean_energy,NIR_glcm_mean,NIR_mean_homogeneity,NIR_mean_contrast,NIR_mean_dissimilarity,NIR_mean_ASM,NIR_mean_correlation,NIR_mean_energy,WR_glcm_mean,WR_mean_homogeneity,WR_mean_contrast,WR_mean_dissimilarity,WR_mean_ASM,WR_mean_correlation,WR_mean_energy,WG_glcm_mean,WG_mean_homogeneity,WG_mean_contrast,WG_mean_dissimilarity,WG_mean_ASM,WG_mean_correlation,WG_mean_energy,WB_glcm_mean,WB_mean_homogeneity,WB_mean_contrast,WB_mean_dissimilarity,WB_mean_ASM,WB_mean_correlation,WB_mean_energy,id_based_on_tree_name
0,Falcataria Moluccana,107.38108310796704,0.2384652839680654,72.01696391284338,5.293931732605358,0.0007107756724,0.9319756697766652,0.0265865203425487,119.79190766752582,0.2512523331976433,67.29967808557595,5.121651957179235,0.0008988364296661,0.9230575380927264,0.0298997557522828,68.33890962653578,0.2167903915185211,63.57301175743442,5.245219737189939,0.0007063188864788,0.9286223321428014,0.0265038287578831,31.412906078296693,0.4216655044266466,10.541011332417582,2.065108173076923,0.0029487399354272,0.964941201447381,0.0543023013824211,44.89309151785714,0.434230544946118,10.385772664835166,1.957946428571429,0.0032097401318954,0.9694984502780596,0.0566545684997731,3.660186298076922,0.8399843333768483,0.4635920329670329,0.3417273351648351,0.1025355449557203,0.9270008019726316,0.3202117189543824,8.121288633241763,0.6737441348949864,2.038106112637363,0.8301150412087913,0.0233932454726817,0.9481143409667528,0.1529485059511263,3.475150240384616,0.9253081492480248,0.1588461538461538,0.1509271978021978,0.2279798420064332,0.9126454317987754,0.4774723468499859,9
1,Ficus Variegata,95.54481240855912,0.1015880266751757,369.91182148784816,13.348730089528244,0.000171898300425,0.8695638815340566,0.0130786631357062,108.36824688009878,0.1230976203433131,350.6764950042976,12.843935480534023,0.0006361268388832,0.8513831481498428,0.0251395131461556,64.02300769051824,0.0932260687750937,324.7286237997255,12.890850327533924,0.0001908867070728,0.8341945420447674,0.0137845903057598,25.768182539244616,0.2851902619229013,26.086589924683423,3.578127155350788,0.0014084324205474,0.9333392343241936,0.0375290876594063,40.4569291941402,0.3442549933567956,15.008179987309298,2.684153171296935,0.0019421163869375,0.9567903692457824,0.044069449587413,2.767482481308798,0.6904679349920841,1.1886914779154136,0.7076102849891025,0.0454485468560508,0.8846543894890728,0.2131866479309874,6.109829779016193,0.4984950237923913,4.718166331006704,1.4958996606615722,0.0103673835672728,0.9054762043147102,0.1018203494753029,2.888126948437112,0.820073168542202,0.4069164344635418,0.3675614533616574,0.1088527290462443,0.8763526280419512,0.3299283695686753,10
2,Bridelia Sp.,89.76388307801764,0.1524453193683402,150.40890811460443,8.271919840525056,0.0002964786236298,0.934025922028695,0.0171722290901197,97.2450348069068,0.157177891303503,150.30203091569007,8.223099987321785,0.0003095249894536,0.935972768730975,0.0175442727524191,58.808494656321,0.153036487911604,133.9638843477253,7.936081135668979,0.0003419845814925,0.91931188135496,0.0184436977976779,18.0475155484981,0.4591761212151314,6.722766971020247,1.7275770808521902,0.004140413935647,0.9748985940624054,0.0643460483296917,28.250140598120957,0.4640113624567087,6.462018658197699,1.6819207357416963,0.0034702960173494,0.9838683144996452,0.0589092184411696,2.245006285563053,0.865744933960706,0.2999338361783776,0.2736469498478232,0.1367038240996936,0.9092144502794932,0.3697348023917867,4.441074500463144,0.7450058399417548,0.9441345772131798,0.5745567023951302,0.0432078248176984,0.9503330161889004,0.2078649196418155,1.998665144898769,0.9377904591769216,0.1257211856556834,0.1246360989810771,0.2696701482597985,0.9113737451268654,0.5192977452866502,1
3,Falcataria Moluccana,106.732556659782,0.2282393704174518,94.1935478816237,5.901113307739925,0.0005290448377849,0.9410615444105442,0.022935049213689,121.4593414502051,0.2546549869569041,86.6396176588169,5.603269251922603,0.0012015149028839,0.935487803934995,0.0345902040236703,67.39701800624184,0.2117679677338256,79.21664407400989,5.694259315510683,0.0005883241070281,0.936785564119078,0.0241891010780408,33.16786871693117,0.4047328273322922,11.421947751322753,2.173369708994709,0.0021675899626182,0.9736401771779184,0.0465573835456662,47.86008597883606,0.4241273425079424,10.45635582010582,2.009398148148148,0.0023231821901857,0.9786410084571212,0.0481994003093995,3.7539169973545,0.8204120303011586,0.5801917989417987,0.3925462962962962,0.0797905998320752,0.9354246228375784,0.2824722992296329,8.227509920634926,0.6670521287981229,1.9757705026455028,0.8390641534391534,0.0189848809501938,0.9584660677443404,0.1377856340486694,3.521653439153439,0.9153228590581532,0.1840608465608466,0.1717857142857143,0.1861345974652077,0.9269042624320856,0.4314331900366588,9
4,Falcataria Moluccana,113.60704042118192,0.267439897963546,54.57410965803612,4.522452525269413,0.0008441105252144,0.9494405386611692,0.0289722225585833,127.87818662921968,0.298117461649763,52.69000597170109,4.328429644632414,0.0017399935322386,0.9465853230414736,0.0416299259057094,63.93014659536247,0.2437630467568098,48.3247931661425,4.485638665144334,0.0009001064175026,0.9406668263376644,0.0299178335865413,35.980628272251245,0.4055716963927883,11.336403246776063,2.143726062054183,0.0024090866492145,0.9722678617743736,0.0490824474656123,49.70196247232853,0.450430843210385,8.553143118169999,1.7873115710320109,0.0030153305802342,0.9768912654023688,0.0549120258252624,4.796006535718055,0.8185168664447658,0.5443093573210583,0.3889068484486453,0.0794145524446913,0.935979964299383,0.2818058772358933,10.22563512421379,0.6507975451491119,2.238992937207913,0.8872448083207422,0.0168162951660336,0.9642000450627956,0.1296776587004626,4.074631926631294,0.9287080835031554,0.1504620682385186,0.143856073649812,0.2343885126030948,0.9140347097594752,0.4841368738312491,9
5,Spathodea Campanulatum,97.4989517744854,0.1068450672594967,297.6369404621714,11.958679593555528,0.000191980021739,0.8981568703193389,0.0138217841888619,109.65462187038118,0.1310936441207568,280.0728110544322,11.396546449935435,0.0007118815214316,0.8908422453142731,0.0265885390765116,62.07295982488979,0.0978265845778698,274.6754285433243,11.869257066766584,0.0001912874102609,0.8743559543054064,0.0137976557443023,31.025680967968164,0.2651157805957908,28.075660509703063,3.7314589665653495,0.0009768937599469,0.9573614097329928,0.0312552997097598,45.58320960953935,0.3307986505492465,17.61222819733458,2.809235445405658,0.0014424428382173,0.9714525178828688,0.0379795055025378,3.1138677811550157,0.7038518649332576,1.029980126256722,0.6611585223287352,0.044107537310316,0.9011642674699708,0.2100179452102035,6.8318009118541045,0.502533873429613,4.471019406125789,1.457329904138415,0.0093265414533009,0.9286176400985122,0.0965740205919838,3.173266892681788,0.8407211860602639,0.3493920972644376,0.323602992751929,0.1094737439292136,0.9037586662645196,0.3308681669928578,16
6,Terminalia Catappa,104.4369480893904,0.1492557745860111,262.53257819708284,10.41457704472921,0.0003087609360679,0.9065709260745132,0.0175229867262828,114.29252321594886,0.1710478876107662,242.7816050490528,9.916404961232244,0.0009415938505635,0.8952268157986591,0.0305983086404956,57.55173266198483,0.1100938531305141,301.8300684139424,11.664005145491148,0.0001531384413517,0.913011240146832,0.0123385316927225,32.24743421974018,0.2928095767460688,31.78710698154827,3.6955660691152272,0.0010718875039233,0.9490530247984637,0.0327396930945191,41.636499509820986,0.3477439916656917,19.28805013830048,2.823995133223627,0.0016467427303937,0.9588275253194402,0.0405800779988626,4.903639359616252,0.6034032190989809,5.157846363922832,1.2047634886733658,0.0197582965640852,0.9220311587044572,0.1405642079765873,9.532950308112454,0.4668711668333852,8.434316025349254,1.835925737894332,0.005587623586383,0.9328385176933564,0.0747504086034523,3.753166468260913,0.7695926216897725,1.1170083330415603,0.5398226602709989,0.0647036174522413,0.929691610276024,0.2543690575762731,19
7,Spathodea Campanulatum,67.21644756655245,0.1063979144536127,298.9162047946154,11.914552146942825,0.0001697063805928,0.8959421130027752,0.0129959432123865,80.34545472380175,0.1066026055126014,301.53904778643624,11.924457984855282,0.0001706539285218,0.8985233812299347,0.0130323418678178,42.19979506496863,0.1079597722881005,240.6674744485892,11.028490086387066,0.0002484229315741,0.8409144678034814,0.0157264280600906,20.206962360348847,0.3922612801230336,11.951940489789097,2.2943749477614017,0.002305274356137,0.9685864172452,0.0480132727080441,34.087712088708166,0.4152384774570947,12.967584208620066,2.1893823308165934,0.0018730642494329,0.9798594067724156,0.0432789122949376,1.7806257487532384,0.8264166352580822,0.4458808124146769,0.3629119884099963,0.1244995460901041,0.8898768958259935,0.3528449320737144,4.079743961218067,0.7017681200292984,1.3145738723427969,0.702727551333129,0.0379535787734159,0.9411165452033076,0.1948167825763887,2.054425654027248,0.908589418549578,0.1893405399381495,0.183907725740395,0.204512798326605,0.9013593078418484,0.4522309126172215,16
8,Shorea Leprosula,72.59903468348982,0.1760804122842778,116.17102420540176,7.1690671233242895,0.0004836488828239,0.902312294245065,0.0219396247360967,82.65048419823623,0.1805566664607653,110.70592263326182,7.063632325233336,0.000560801012091,0.900818106628902,0.0236201456482425,30.40351499060337,0.1831392628909551,90.26567862330172,6.527997365707972,0.0007345517868634,0.8641681938725427,0.0270367698359312,14.496431452864153,0.4997967114329488,7.923788245516043,1.692546391112766,0.0113618552803753,0.9455236184683756,0.1065920038294399,21.38515484391484,0.5140965412562911,7.63222242909452,1.5681747657171228,0.00781930680417,0.961963631251049,0.0884268443639716,1.832309315459568,0.8987419730506241,0.2404890461118352,0.2087134611804133,0.202545918553425,0.8876830862293174,0.4500510177229078,4.389437100477879,0.7773321403843043,0.8104015391298948,0.4959970210389125,0.0884449731377804,0.9193988956679864,0.2973969958452512,1.3325575622168435,0.950232731334947,0.1014708620368646,0.0998572581145658,0.4147791187193126,0.8372811559817237,0.6440334763964624,15
9,Syzygium Polyanthum,75.73218925249489,0.1410875208428737,233.63932426222783,9.631313776140122,0.0002460441513887,0.932766344784512,0.0156467506614576,84.30162420147681,0.1429359281251582,241.54458607918184,9.672445468482143,0.0002430274018335,0.934244499922671,0.0155512509021631,41.44207139508006,0.1452452213523125,177.510449456151,8.865932325842623,0.0003480675748981,0.8900585349775356,0.0186084836954976,19.859957961114016,0.4107589238391115,12.08968295673498,2.1926081625503597,0.0026443096227646,0.9661038874036316,0.0514228511730407,30.719950954633056,0.4531947889273829,10.690909090909088,1.8574881765633209,0.002507651947994,0.9793534181694454,0.0500764610170695,2.4882466281310207,0.8270214670840308,0.4736381152566123,0.3658083727447889,0.1001390054411295,0.9218104378310448,0.3164474765915026,5.063846558066215,0.6807132391341,1.9196356629882645,0.8030828516377649,0.0272641897731579,0.9425511006936844,0.165118714182124,2.137992643194955,0.9183183494506176,0.176353126642144,0.1654930811000175,0.2181434715358335,0.9069341933943528,0.4670583170609784,18
10,Cinnamomum Iners,96.8840287757464,0.1088683545282256,337.6035437205422,12.497759082413989,0.0001959597050268,0.9152419409245895,0.013962417621247,106.8230606650921,0.1280281631590567,321.93386144825644,12.028508823587767,0.0004980092171383,0.9080906910640834,0.0222287001422344,42.93177945909535,0.0936729009481537,279.3594960871767,12.23246335971179,0.0001794706711968,0.8761035381997759,0.0133647180398156,28.03797860360359,0.2717234940629577,27.21100788288288,3.649127252252252,0.0010061082514101,0.9586703475420592,0.0317192095016599,38.81059966216221,0.3287685002595542,17.073507882882883,2.8061655405405403,0.0014665387251694,0.9697994980664788,0.0382954138921284,3.959966216216215,0.6939474677000206,1.178856981981982,0.6982263513513512,0.03028955105866,0.9417443750852322,0.1740389354674982,8.491385135135136,0.4300738045955818,7.837105855855856,1.9438626126126124,0.0051326657897339,0.9346094727653854,0.07164262550838,3.035515202702703,0.8602013778484366,0.3076576576576577,0.2842342342342342,0.1110701039669314,0.9225052415666664,0.333271816940664,4
11,Clausena Excavata,81.3833811931147,0.1336397291250566,192.31382671136436,9.539765533524069,0.0003550072141635,0.9115774638527006,0.0187890840278983,93.610974275667,0.1324033142329273,197.2639907886222,9.628316903684537,0.0003638150947217,0.9191515463173624,0.0190257388040222,41.18127371849144,0.1330117593186463,162.01811017489797,8.96553517352083,0.0004485981467331,0.8604026139644946,0.0211252981228835,25.316666666666706,0.3597489549712673,9.642399267399268,2.300824175824176,0.0021519978800198,0.9742558618573316,0.0463896311692587,35.541712454212494,0.3959115045865028,7.630128205128205,2.0204212454212453,0.0025499050705094,0.9801222296624504,0.0504965847410442,2.921978021978023,0.8442269984917045,0.3352564102564103,0.3154761904761905,0.1041283258865676,0.9188620999983986,0.3226892094362123,6.50228937728938,0.6207806834068285,1.7486263736263736,0.9114468864468864,0.0172619508848904,0.9442489210270076,0.1313847437295915,2.5682692307692307,0.9146886446886446,0.171062271062271,0.1706959706959707,0.2174745401119027,0.8949175186469664,0.4663416559904366,6
12,Cinnamomum Iners,90.96469635399625,0.1153142740133295,239.6482604884979,10.696415414036643,0.0001802855772429,0.917461743074119,0.013378236077124,98.94594494837791,0.1206150636323837,238.8876327524903,10.58900999912511,0.0002140440834414,0.9126173687515406,0.0145711748545875,46.6704220913588,0.1120711040662553,196.97885640665697,10.121070124950997,0.0002570985948749,0.8709563568257033,0.015977933721285,24.800650862351617,0.2988139890217804,21.40671519443898,3.1781100400026228,0.0012702728763341,0.9615110453442935,0.0356408877040699,34.56730769230772,0.3252874739137478,17.780510197389994,2.7793625811528626,0.0014306962259788,0.9671227048010244,0.0378245452844949,3.6774132730015063,0.747290506303174,0.833939930487245,0.5552659190766607,0.0486556131848278,0.9422895747707806,0.220580174052039,7.27956751262377,0.520592854712836,4.3802052593612695,1.402403436290904,0.0100103013617037,0.947126908696948,0.10005149355059,2.8709997376877165,0.8811861708014975,0.2580824972129319,0.2408026755852842,0.142205287800366,0.9156255358117787,0.3771011638809485,4
13,Alstonia Angulstiloba,121.0788423376974,0.1939487019972268,120.12926639244614,7.136580104145469,0.0011678866028252,0.9024132701581844,0.0341049604665477,126.26579529375066,0.2084537535896883,112.10280147971352,6.793494767493803,0.0022486586240143,0.8774172561921301,0.0473251647347535,47.98788291888481,0.135917857896192,134.31502364184234,8.282365252457216,0.0004126709590071,0.869195140153564,0.0202660005185615,35.706017952853415,0.3205717153576133,12.522343319811675,2.632732189694215,0.0019957322395613,0.9641571533954072,0.0446736190560082,40.61017708486066,0.3457376617483838,10.73864099180555,2.411253930241272,0.0026723797036444,0.9563915330379708,0.0516950645965791,5.832909763289508,0.6351206106435767,1.6328136454718734,0.8699314142352116,0.024325040696724,0.9239985694125392,0.1559648700724751,12.259599563397025,0.4072894634748087,7.232865777169575,1.9686721079126144,0.005050792468535,0.9200990810648852,0.0710689275881873,3.8434257041851994,0.8563103790951891,0.2968411449424108,0.2889562256650864,0.1332233015636267,0.8928660577281862,0.3649976733674157,0
14,Spathodea Campanulatum,102.45250850168088,0.1128430181274651,231.66351543547347,10.745884521552831,0.0002684187073526,0.8715546155717531,0.0163396616641013,112.86215762076677,0.13130792100202,221.7479603413805,10.377384558917132,0.000639686245137,0.8593865117529013,0.0251923297050437,66.91204335704728,0.1103425270780149,215.98275247865035,10.542029560727345,0.0002780084685323,0.8536353842401301,0.0166322565439472,32.982134453781555,0.2354088106929512,31.486268907563023,4.0780336134453785,0.0011256484711531,0.9305667508619634,0.033550685107061,44.379252100840375,0.2978138260144671,19.39006722689076,3.092588235294118,0.0018208932984958,0.9487335446501642,0.042671926350891,5.441000000000004,0.6167589137734839,1.9105714285714288,0.9337983193277312,0.0221926594167078,0.9148069435681988,0.1489720088362503,10.57687394957983,0.3754375745026688,9.909697478991596,2.2496638655462182,0.0043591557093425,0.9119615273829936,0.0660239025606829,4.454344537815127,0.8087955672757056,0.4594453781512605,0.3947731092436975,0.083918175411341,0.9076021664369602,0.2896863397044137,16
15,Clausena Excavata,92.303824193751,0.124891201475794,216.4902104756179,10.094869414047537,0.0002496998347214,0.9224913786049403,0.0157646071972082,103.20481933706914,0.1302490734318026,219.2748304211957,10.071956593665586,0.0002803217564464,0.9241898495016878,0.0167021567675515,44.87027628982139,0.1199401004631476,184.782178759573,9.675939315729812,0.0002786428551393,0.8877908488592567,0.016654447406141,27.37757629805785,0.3466817950554017,12.569683908045976,2.530395362663496,0.0017058891285783,0.972957281150735,0.0413024106872506,37.85965368608801,0.3931496332829682,9.54280618311534,2.1408045977011496,0.0021904454052444,0.9796713319181968,0.0468021944490256,3.078725723345224,0.8185263337476213,0.4093588981371383,0.3706153388822829,0.0760475555011806,0.9320228604868592,0.2757672125202353,6.915626238604832,0.5850697347072538,2.201743955608403,1.0366131589377727,0.0127590930703677,0.948311571934638,0.1129561555222545,2.7115289338089577,0.90569510503369,0.1911662703131192,0.1890358699960364,0.1810176222318875,0.9134922462426738,0.4254616577694017,6
16,Syzygium Polyanthum,88.87232322175878,0.1118030644553334,294.84430330140464,11.782176554215074,0.0001718138575611,0.9347626545480736,0.0130855637261094,97.44870796547104,0.1228028175403019,287.591734246127,11.526937367932929,0.0003611747777308,0.9355254018297527,0.018958241439211,50.75664821029708,0.0991100963817375,264.24765601793285,11.603761395328142,0.0002193076658209,0.8633460516687376,0.0147814177358255,26.157185628742518,0.3196385754127934,16.740448680104578,2.927848528295522,0.0013184475774393,0.97542326241212,0.0363104334515482,41.01785864889937,0.3712281480169452,11.57792864974277,2.3473475584043184,0.0017290431876092,0.9830009704310648,0.041581765085302,3.0365606814539943,0.7569270610521993,0.729358185038374,0.5261870624947288,0.0535000318553909,0.9432117310004852,0.2313007389858296,6.290988445643926,0.5339838933422133,4.584043181243148,1.4059205532596777,0.0119789971151897,0.9533573538396664,0.1094486049028937,2.919414691743274,0.8784262460993505,0.2512439908914565,0.2444969216496584,0.1322835624639404,0.923894433586083,0.363708073135503,18
17,Sandoricum Koetjape,87.93950878963236,0.126162727669197,303.3800968891833,11.536969302425335,0.000216948951867,0.9519890889519892,0.0146881803468467,96.78017522174092,0.13208502649293,285.0492598789134,11.216513178100112,0.0002983848451285,0.9454447139927338,0.0172239153932683,41.57409751284406,0.1078492323203045,242.57711706597823,11.11916512077338,0.0001709753226506,0.9122730253363244,0.0130422404131708,24.08688610061706,0.3503219965303838,18.737115164361786,2.8227747482862955,0.0014024035955345,0.9763572903628036,0.0374486794898644,36.09595035812573,0.4048771163378101,12.55777021829433,2.207131745841809,0.0016889450229757,0.9844772147722332,0.0410967763088024,2.7266919092634065,0.7339065422672987,1.2596625583343306,0.6383698866647294,0.0497538720588142,0.9464773084003072,0.2230557599767695,6.069937092941765,0.591352489002964,3.182156959948033,1.1318484076650883,0.0136988549937425,0.96007191234398,0.1170421077806724,2.371224294432384,0.8915554256283058,0.2324484179216739,0.2194054599223918,0.14379852747722,0.9371876524973236,0.3792077629442995,14
18,Sterculia Parviflora,96.65544424336215,0.110031836311962,197.58931807515543,10.2533060952538,0.0002534941302622,0.903340621255276,0.0158886205781966,106.94097172820284,0.1163591971943229,191.62961314569813,10.071565025757398,0.0003057505478261,0.8992521734058473,0.0174416420710069,50.9205317811933,0.1091490356861934,181.6107354325652,9.985146823536317,0.0002782657783041,0.8664519800541892,0.016646283554234,25.78524809310372,0.3090635657842692,15.62200204450735,2.900762758512228,0.0016880331665762,0.9577224521735236,0.0410856807972835,37.64535660926315,0.358118850817809,11.769245891326571,2.41216481874656,0.0019457747049013,0.9739360003689626,0.0441109363412444,3.058130848470552,0.7733810729002437,0.5508767791145711,0.4692537548163876,0.0668868099088183,0.9025627799222362,0.2586248439512692,6.674254934339862,0.541607482162472,2.641228277109381,1.18160729731855,0.0129022580520834,0.926406566043179,0.1135881070010562,2.703172918141071,0.8914052056302587,0.221907682629551,0.2179759377211606,0.1780669994004344,0.8883710196712106,0.4219798566287666,17
19,Alstonia Angulstiloba,109.26023654306566,0.152988463722955,134.29261904999657,8.041602155370379,0.0004069240486447,0.8944789794658667,0.0201276554117192,121.65827333228935,0.1815246669130035,120.85642116824692,7.533690883537553,0.0011319649881662,0.8723676661432371,0.0335564092948512,66.12223185935112,0.1287574129943039,137.10343163365127,8.543431419139443,0.0003110182651593,0.9043878437679352,0.0175947126862649,33.721445774339514,0.2733852365861678,20.140782367537582,3.3153919135892567,0.0016777731302752,0.9254666291922578,0.0409606290268507,43.47381769084802,0.3455903863048237,10.765599912421546,2.4108341847905423,0.0028768232914717,0.9391430711829244,0.0536360260596528,4.600295577287986,0.7286735790988419,0.8543460808641075,0.5906984381842066,0.0455531618201268,0.9182134961842644,0.2134318669274268,9.855550284629985,0.4760527118538958,5.2426835498467375,1.5839840899138813,0.0078164073984172,0.9163090472414188,0.0884104484685903,4.067937162458037,0.8666414174104121,0.2889541672748503,0.2703437454386221,0.140445042456408,0.8953140478219941,0.3747599797956126,0
20,Claoxylon Indicum,89.8316126355206,0.0973275607612481,287.7624443623576,12.21710728442893,0.0001990242103583,0.9015445566358532,0.0140820689366886,101.0940735917348,0.1032942154849599,284.8472866292814,12.097266669599115,0.000247785990228,0.9006874903675154,0.0157022167480664,54.69832208606092,0.0925272940601678,282.04583130969354,12.250707262600168,0.0001957375918535,0.8795435734144338,0.0139644190744604,20.073353618778512,0.3464405283699442,12.013910019560964,2.525320582482069,0.0023602671045543,0.95269217875129,0.0485825802583024,30.25910128232994,0.3710695541574467,10.16887633123234,2.2689632688545966,0.0025945062829721,0.9660855998612792,0.050936296321701,2.335932405998697,0.8148593262727657,0.4280047815692241,0.3797544012171267,0.0932508506107528,0.9012772509433832,0.3053700224494095,5.179336013910021,0.5798738769016468,2.303140621603999,1.0625407520104324,0.0166203707334065,0.9228259542906578,0.1289200168065708,2.212317974353402,0.8966039991306238,0.2137035427081069,0.2079439252336448,0.1981502838723105,0.8746779692540603,0.4451407461380171,5
21,Bridelia Sp.,88.05796241370177,0.1155727372117024,227.18050538941895,10.54327846325413,0.0002331929038846,0.8881176251285289,0.0152375865908349,95.72283769690586,0.1168083874396926,226.67364561828472,10.522055117987245,0.0002354122486819,0.8851936523485033,0.0153091830318708,54.32187493892405,0.1179161233999058,199.39537168481047,10.053698883480156,0.0003105399791417,0.8440505626253609,0.0175864745105141,18.92547399124937,0.4364702620670262,6.35719494409334,1.7842245989304817,0.0046737387707506,0.9503862948410484,0.0683647480120469,30.753877005347604,0.4837928117709343,4.470345162858532,1.489790957705396,0.0048562980458016,0.9704983730863028,0.0696871440496854,2.14555177442878,0.8530186736824047,0.3214876033057852,0.2984929508993681,0.1463840227790896,0.8765695987909166,0.3826016502566208,4.589511424404472,0.6840448620691219,1.291200777831794,0.7321341759844433,0.036435434608079,0.9236798218767636,0.190880681599996,2.001640738940204,0.9336096256684492,0.1334224598930481,0.1328877005347593,0.3357189821492425,0.8489111345008581,0.5794126182171411,1
22,Pometia Pinnata,97.99846450336402,0.1198564204662284,195.03047589348225,10.091876505358345,0.0002759643365332,0.9153729409345016,0.0165822942845741,112.38684489231308,0.1515646302266119,188.4580834820973,9.728855525893508,0.0017767390446178,0.8968075607155699,0.0420612424421019,30.81369043648,0.1099319925258738,183.0971525984832,10.109237549783964,0.0003270620222766,0.8804782496169774,0.0180581020438657,25.496269475532166,0.3408497712692614,11.45534342769366,2.5088874259381173,0.0023371096051097,0.9561229686722128,0.048343661478106,37.0819069563309,0.4263019980161995,6.076475751590959,1.78439763001975,0.0038139892283868,0.9706770702317142,0.0617575034176972,2.785055957867017,0.8077024358130349,0.4707044107965766,0.3989466754443713,0.0929451799407779,0.9392475948531228,0.3048691193623551,6.842440201887207,0.5628933649701641,2.6553653719552344,1.1412113232389731,0.0136062006190911,0.9480901438129288,0.1166456198024216,2.056890498134738,0.914900153609831,0.1720430107526881,0.1705069124423963,0.3155244779642197,0.8852503060981733,0.5617156557941213,13
23,Sterculia Parviflora,80.20689068224475,0.1022338735972653,263.49443330468137,11.66075057039865,0.000220985269758,0.8992233814411346,0.0148394355122043,89.04188234876253,0.1033368798362003,263.8999909283383,11.687168141792476,0.000229805843549,0.9024588296129376,0.0151312748464069,40.82373278936856,0.103127533297305,232.7358803359205,11.145313615329757,0.0002378573116596,0.888054734976661,0.0153927878089968,17.92511590405158,0.3920238592416009,7.366458375327554,2.0223745212658737,0.0033498922900557,0.9588596284875212,0.0578782540342719,26.82362426930056,0.4354579496454705,5.528388093798293,1.724047571054223,0.0038054490370135,0.9721773861753582,0.061688321723107,2.096485923536922,0.8461288244384632,0.3399180272794463,0.3130417254585769,0.1319677547221346,0.908929866267703,0.3632736636781349,4.74793388429752,0.6606582988088141,1.2625814687898946,0.7732983941409662,0.0262445403335923,0.9422422516438974,0.1620016676876888,1.833131761069677,0.9227440704159108,0.1546731169791037,0.1545387354699993,0.2866894487703091,0.8623000146547557,0.5354338883282502,17
24,Calophyllum,98.45522643839956,0.1222863139203979,156.33722349005603,9.100020103284136,0.000481355697217,0.8754655349784315,0.0219177377425369,107.08627571458116,0.1264394599138727,150.7013700446687,8.927590352444614,0.0005127674271629,0.8646804365303367,0.0226207543743843,53.1247329184306,0.114029723347465,156.75025512253686,9.313656241606123,0.0004434093538213,0.860984381789983,0.0210322870599922,24.553513071895427,0.3837996805714943,7.380718954248366,2.042075163398693,0.0036897992959438,0.9593223954330375,0.0607437181603486,33.72354983660129,0.4378706608878148,5.373774509803922,1.7087418300653594,0.0043691670738284,0.9741592865675746,0.0660996752929123,3.226205065359478,0.8079248366013072,0.451797385620915,0.3954248366013072,0.1148289862139027,0.8973729150286613,0.3388642592748647,6.884191176470583,0.5814769027744806,2.3194444444444446,1.062091503267974,0.0204711011923832,0.9185070610256484,0.1430772560275855,2.5928308823529407,0.9034313725490196,0.1936274509803922,0.193218954248366,0.2338759139446901,0.8548294112466069,0.4836071897156722,2
25,Pennisetum Purpureum,73.06547748215354,0.0956221551447976,251.9067703913674,11.816485860734383,0.0001526564800595,0.9153950173898406,0.0123291903488674,82.1105161546626,0.0961535628806644,251.04866759737223,11.788164357745927,0.0001724861417226,0.8961946467625308,0.0131057906590354,46.14934324333249,0.0952538327969656,246.9053527575708,11.72322027347043,0.0001876253897989,0.8787597554259647,0.0136693725633348,11.950397107353192,0.5238715768775613,2.8804888446781303,1.2460802425275923,0.0083056357100627,0.963884498938188,0.0911352605200793,18.65717714303761,0.5014470903935354,3.171458797151564,1.3295754188179938,0.0061931859530323,0.973315407428144,0.0786967976034119,1.5712345854451863,0.8847867620355897,0.2389907315301659,0.2318538518623782,0.1931209198685992,0.9155178294192924,0.4394552535453401,3.429223311701641,0.7770147992443589,0.5659450839214943,0.4657129774367233,0.0642473762309895,0.9378259691641624,0.2534706614797647,1.3814204285285712,0.945060237159143,0.1098795256817141,0.1098795256817141,0.3639289281476113,0.8671904953978672,0.6032652220604229,12
26,Sterculia Parviflora,105.64193797243315,0.2125621978698487,119.01555844080542,6.904815875410301,0.0006398489065558,0.9460970982276532,0.0252338820705419,113.19674389773904,0.2359928900785887,104.61796111129586,6.42091099194378,0.001077213777134,0.9450744712653056,0.0327365273208671,43.460911963746966,0.1728492481335928,133.41086153980288,7.801465441932359,0.0005746612907106,0.9007812787748448,0.023910365465121,22.68204316546761,0.4229691674283343,11.957410071942448,2.271309352517986,0.005375052637027,0.9765299182788306,0.0733147504737421,28.60048920863308,0.4403571164858297,7.640000000000001,1.8827625899280576,0.003888156513638,0.9826325276666322,0.0623550841041691,3.881870503597124,0.7520886400201469,0.8733812949640288,0.555568345323741,0.0687413214636923,0.9487260482193216,0.2621856622008388,8.266935251798559,0.6014605021250793,3.90958273381295,1.209726618705036,0.0395183139589048,0.9621084088827542,0.1987921375681262,2.4848057553956835,0.8982710114261533,0.2135251798561151,0.2051223021582734,0.2106819166709798,0.9244977060151592,0.4590009985511794,17
27,Campnosperma Auriculatum,102.50414696814968,0.1034284627747505,332.2259739780761,12.630998190344831,0.0002212794860549,0.8285370440657833,0.0148367482508949,108.39584394925112,0.1137010745100974,321.50007346743223,12.350150472108766,0.0003420979266896,0.8187824080165242,0.0184277279403391,84.31151230194408,0.0938825626236305,345.43719063104413,13.07352204639466,0.0001757170184843,0.8399999579509954,0.0132232989928109,25.752073771275597,0.2912801362710357,27.241645152036725,3.5342441193344807,0.0017288208335395,0.9095691357303518,0.0415790913024745,41.24900196022184,0.296506946148272,28.356461560527823,3.494681105373876,0.0017252161609766,0.9188397390662164,0.0415357215054298,3.0563743067508096,0.6746303167946558,1.4223560910307895,0.7669009370816602,0.0464602700031884,0.8557305566334007,0.2155464451184209,5.746181153184164,0.5510238297267319,3.3966819659590746,1.2328122011856952,0.0173160255242024,0.8805407139837776,0.1315903701803535,3.115455871103463,0.7900168080031651,0.5954890992541595,0.4480421686746987,0.101575896569892,0.8590903272803941,0.3187097371745834,3
28,Leea Indica,106.95757384841716,0.1598311757835908,143.06621120924245,8.003120098410719,0.0003914703859465,0.9228540361121812,0.019732627448969,112.43723326741328,0.1659391275851542,142.50285862827425,7.936170509949603,0.0005076335918556,0.916984328208328,0.022463636479601,42.44772757819938,0.1418902136845973,127.81528122701523,8.010596370166672,0.0003960044968268,0.8913603729869329,0.0198472894290569,27.465352158390097,0.364567600382641,12.61531970139565,2.438429081467056,0.0020729674531456,0.9641920107127178,0.0455298523294956,32.944871794871766,0.4234513380552717,9.23680623174294,1.9831223628691983,0.002996239371019,0.9677065611970204,0.0547379152966118,4.893605972086982,0.7289587343817745,0.984745212593314,0.6083739045764364,0.0363130550333045,0.9494691677789672,0.1905598463299772,10.034323271665029,0.5123772179046363,3.949367088607595,1.3810451152223306,0.0073813025799886,0.9526284416328064,0.0859145073895479,3.120886075949367,0.879586268782099,0.2619604024667315,0.2443037974683544,0.1393650006568301,0.9251013120732,0.3733162207255802,11
29,Dillenia Suffruticosa,80.54232406546062,0.1107415766016356,242.83481854537297,11.085314180383357,0.0002852574959467,0.9046062433523684,0.0168550198296898,92.43035078100078,0.1138918327925942,247.27727992997887,11.170157789175724,0.0002907272287554,0.9032855340794969,0.0170181134441131,37.85737098797126,0.106772751935439,198.4827112574885,10.236350240823173,0.0003439153125966,0.8779370084727747,0.0185105335994197,25.44661896745232,0.3293360625554881,14.492424242424244,2.766835016835017,0.001904636447402,0.958930653952939,0.0436421407289109,34.55702861952861,0.3594414836761589,11.352413019079686,2.457070707070707,0.0022524038552377,0.9661764244831864,0.0474594969973107,2.7443181818181834,0.8138894087423503,0.4987373737373738,0.391273849607183,0.0864762398268758,0.9367739582664948,0.2940684271166761,6.703633557800232,0.5938519687070878,2.2810044893378225,1.027918069584736,0.0144350290692181,0.9510845294333016,0.1201458658016087,2.434132996632997,0.891919191919192,0.2289562289562289,0.2182940516273849,0.2035975204407209,0.9169408993336832,0.4512178192854544,8
30,Sterculia Parviflora,102.56155642056528,0.1367097541530195,189.67800180043912,9.173065694726272,0.000391710280988,0.8755705967094188,0.01974907864509,112.80113485801697,0.1458933037071474,181.07815362101127,8.925572641194456,0.0004908440597761,0.8693013767665847,0.0221068519046572,57.233694850342296,0.1281083514245262,184.2625614945428,9.32336555004763,0.0003334162705098,0.8764811218135318,0.0182202674868988,30.92625041588109,0.319333388154633,18.975546190529,2.977431518243318,0.0020757680872632,0.9475458461044348,0.0455605979686747,41.98915936564269,0.3862425009837917,14.12237994898525,2.39342353332594,0.0032460188903714,0.9647100623648096,0.0569738439143037,4.1468614838638125,0.7523304909099892,0.744981701231008,0.5331595874459355,0.0549138271456467,0.902934172443816,0.2343369948293413,8.646806033048685,0.504981172300115,3.9334035710324944,1.389763779527559,0.0098190482534506,0.91235544285207,0.0990911108699998,3.3943661971830994,0.8640718110637675,0.3054785405345459,0.2773095264500388,0.139842514211908,0.891464546417287,0.373955230224031,17
31,Ficus Variegata,97.02313292394128,0.1017761467973582,355.16283712775675,13.055537499502526,0.0001950212370475,0.8873583459191201,0.0139304117204979,109.09823319747612,0.1202068657536974,338.4135217889147,12.587800460781752,0.0005816486131852,0.8777371871216162,0.0240346807930031,56.54131920887608,0.0909197772286233,316.88416452138466,12.803906452481366,0.0001598443157245,0.8737586337818942,0.0126114702575911,32.44890901877814,0.2504381778922451,28.852261306532668,3.889500132240149,0.0009590322399452,0.9528339773821948,0.0309682456710943,46.93270960063476,0.3290147482002438,15.213343030944197,2.6965749801639776,0.0017838807758359,0.9720855553445684,0.0422360127833572,3.4688772811425546,0.6839641443304825,1.1069690558053429,0.7076302565458873,0.0356713649750443,0.9123195185957232,0.1888686447641438,7.792726791854013,0.4434653121192019,5.60531605395398,1.7175879396984923,0.0063955705740943,0.9231628735614964,0.0799723112964375,3.358879925945517,0.8304593172410586,0.376064533192277,0.3449880983866701,0.0981745947334355,0.911395743131646,0.3133282539660851,10
32,Spathodea Campanulatum,99.4854935239796,0.1009418953651634,350.84339173367846,13.025720305514447,0.0001946423336737,0.8617897436554869,0.0139203613435191,109.17766753354348,0.1188393981585414,328.209070496067,12.486220483946608,0.0005182476401054,0.8511363559052896,0.0226786589379022,70.74038210538694,0.0896921862659272,354.1241393164167,13.420495921237883,0.0001593331545335,0.8551935337467218,0.0125951439156564,26.644255184088045,0.2821348993108612,29.016733671886023,3.656245591761885,0.0012781859831768,0.937268598151706,0.0357517269957245,40.48318697982791,0.3174573255978742,22.401890252503875,3.105797714769361,0.0014151162966592,0.9573505920637844,0.037618031536209,2.753702920016921,0.6882079422570283,3.324252362815629,0.8373889123994921,0.0490758586233624,0.8825428055938851,0.2215307171102066,5.712759204401185,0.5274787141300545,3.726812667513048,1.3253632388207084,0.0132363490881885,0.8979789991790664,0.1150493332800697,2.775184264353224,0.8233671784669395,0.4165785019043589,0.3635562138524474,0.1112619455790822,0.8719780311675345,0.333559508302615,16
33,Falcataria Moluccana,91.70176359398867,0.1015653392546314,390.4612368290127,13.599778951532766,0.0001880833297424,0.8053700769537209,0.0136906723429216,102.40950856113432,0.108047858084674,378.7654182703485,13.340117240849892,0.0002232188980126,0.8023095398035458,0.0149107044931978,46.58983779377239,0.0869811360145629,364.83451086967136,13.791452414727589,0.0001985763301913,0.7425499207817007,0.0140703959076907,24.38394543658171,0.2575381798002669,36.544945765916985,4.162759617121185,0.0013141650769051,0.9072276051146794,0.0362514148262539,32.95515197229335,0.2547736068660466,33.93410957303275,4.050745253853753,0.0012654313242961,0.9210506502722866,0.03557290154452,2.6852170956878334,0.7525300507350366,0.8727575986146671,0.5544709919365975,0.0797348284510101,0.8360391707694884,0.2823735618839167,2.512503054319073,0.8498661368203231,0.3334487777411849,0.3057718662686313,0.1565322289035547,0.8277853345049998,0.3956415409225309,6.281447800359075,0.5087950814474348,7.021383420624887,1.6547567699646228,0.0127162404713818,0.8618975838475695,0.1127663091148322,9
34,Ficus Variegata,94.8416929954702,0.0843158353720738,664.2179002885728,17.7940054213408,0.0001471570276066,0.8435492476100529,0.0120997535273655,106.56570044286092,0.1146000145662307,640.6986228352448,16.982653692987537,0.0008750929406923,0.8377721867202859,0.0294755203651982,35.09794278342166,0.061639110398235,654.3849680447254,18.943068769285585,9.72818333523643e-05,0.7778793041989832,0.009844921084378,26.96792820823297,0.2015692105197119,55.94637841648881,5.399311050399077,0.0006338552242408,0.9237013271544224,0.025176481569927,36.05285714833102,0.2249130901749593,42.27059472673837,4.649593642351625,0.0007725840744513,0.938924530259228,0.0277953966413749,2.639615751579641,0.6612185213191691,1.478961747586952,0.8031933848576694,0.03858704277863,0.8831013557268697,0.1964358490159828,2.3283488583285115,0.8012043556918033,0.480777999593834,0.4113849113140239,0.0974775310649044,0.8687396782810108,0.3122139187558819,7.105679810864563,0.3919562507631975,10.555014426558662,2.2927384405522324,0.0048539961320267,0.8973836461967866,0.0696706260344113,10
35,Bridelia Sp.,93.72414766422229,0.0975337488567195,350.5337000185981,13.135879367219236,0.0001633012412534,0.89081119824564,0.012748972432555,107.0162423397444,0.1178942976835931,337.87050028774195,12.648574092753584,0.0004832923060365,0.8926570579699341,0.0219068572462595,46.97225893672255,0.0846978300460917,344.67790441021066,13.56312347599598,0.0001530436529639,0.8493151830399468,0.0123429924728032,25.555385218348185,0.2819076756370323,20.287348316977948,3.3041257781998525,0.0012347315282352,0.9593367403957268,0.0351387468222076,36.09080782043748,0.3019393725664839,17.162848399885437,3.001700357255913,0.001295969236575,0.9728149172712836,0.035999572727674,2.3901008456564017,0.8008519785519953,0.4962390147575333,0.414386710683007,0.0851625074872446,0.8992717403877651,0.2918261597034177,2.444329881366918,0.8809398960597218,0.243184250591658,0.2389635056301723,0.1585706789298107,0.8924678720230527,0.3982093405858415,6.080335850706219,0.5389088017673901,3.390949516875443,1.2717134717134717,0.0116593383754703,0.9296761760034976,0.1079784162482039,1
36,Falcataria Moluccana,91.61828425285589,0.1086719836230285,405.1792272233731,13.514777114982245,0.0001558920456622,0.8785168908655347,0.0124608584302893,103.7422831990106,0.127311613659477,390.46423419011546,13.090068333496127,0.0003823025347317,0.873386252071249,0.0195080274372575,45.23858542556904,0.0902406071069844,376.7332120837743,13.776320534584862,0.0001632368210393,0.8164220917642637,0.0127527101107211,25.08088522765429,0.2724650825601289,31.13973175477088,3.828020863517822,0.001154021301654,0.9426996088376648,0.0339708890324361,34.40420306053453,0.2705240179689278,28.29136022224983,3.694229415904293,0.0011225657763002,0.950441310820107,0.0335047127476158,2.5966478545441167,0.7624024650888358,0.8360493622736451,0.5313251737476601,0.0672117146199355,0.8951169856158873,0.2592522220154255,2.512315270935961,0.8661730766056879,0.291810977264469,0.2716465896703508,0.1389805446773856,0.8904790665717947,0.3728009451133213,6.325392225855856,0.5276413174035537,6.0104800540906025,1.5254860564915622,0.011346580884583,0.915303486732251,0.1065203308508898,9
37,Falcataria Moluccana,94.97887126245716,0.1014532704675056,512.2064180748658,15.169069975762415,0.000156641086538,0.8536320662125324,0.0124919943178959,104.5141021240252,0.1218924295731513,507.5181046293801,14.863615649662115,0.000474671339456,0.8571175284345949,0.0217376486066224,37.95762814765519,0.0825621201463828,437.485925193354,14.967588651574305,0.00017865669741,0.7313106738199069,0.0133478473248787,25.78170517943917,0.2238762308204017,52.847419437122696,4.974079912095387,0.0007613471206912,0.9230310351180764,0.0275925192885914,33.08766751911467,0.2336400128122047,42.45402340198701,4.518820351487642,0.0008565495520439,0.933325785505312,0.0292668678208647,3.094934856402844,0.694704223725621,1.4154653908288803,0.7295641396270595,0.0417368163792592,0.8857179697566712,0.2042959039708315,2.519474403667925,0.8317710357228864,0.3999708946779774,0.3469076412916222,0.1122331565927955,0.8742412457345667,0.3350121737979018,7.364012740936461,0.4301215416493151,12.37677166384334,2.226342932639166,0.0057108718915246,0.8955338188358036,0.0755703109132457,9
38,Spathodea Campanulatum,99.63605054365404,0.085345083927056,468.6231435835207,15.310059724169552,0.0001687360179312,0.8367167016373599,0.012957359032213,102.01326604172424,0.0893966336868964,464.75586490509306,15.128846815319068,0.0002063748994255,0.8400212023744309,0.0143262691358711,48.60849669278264,0.0685565861103271,517.0422808662804,16.70893265144536,0.0001112815896162,0.816263445319509,0.0105265220100401,22.18296906402528,0.2716016802822063,26.022675614891376,3.640246674322902,0.0012860004130583,0.9392349773392588,0.0358608479132657,29.230063881711164,0.2807615050321873,25.82448081156092,3.5589171212556225,0.0013157215379574,0.9486933116923036,0.0362728760640431,2.900244640635469,0.6568996831764771,1.6446789166427411,0.8287395923054838,0.0393047428384934,0.8674340072181632,0.1982542378828091,2.1598179251603025,0.8275717052098339,0.3943379749258301,0.3530541200114843,0.1362038495608968,0.8468962889121714,0.3690580571683767,5.649730237343284,0.5145019609466837,3.8814240597186336,1.3752512202124607,0.0123458768621876,0.895816280390841,0.1111120014318328,16
39,Terminalia Catappa,98.99620385309343,0.0991543553675206,563.6546938812867,15.90946419579472,0.0001882563507777,0.8449208083088986,0.0136847900319802,108.89245868218792,0.1261705126382994,533.0511327484404,15.184122680640847,0.0008213051909579,0.831716132255957,0.0285617615331087,39.00453566979079,0.067147844985144,599.1255983096137,17.748075103763988,0.000104970880724,0.7915121047637836,0.0102242880786338,25.531332164767733,0.2489172742476548,45.349125198818456,4.529112701658715,0.0009003184516675,0.923104651408984,0.0300053070583781,31.265162949978908,0.2878899382870178,32.32471313337878,3.76785917161684,0.0012622923991116,0.9322415225009166,0.0355287545392696,3.37517650209368,0.6173233039976431,2.284852062842861,0.9828955269906192,0.0252900348382293,0.8808109830197604,0.1590284089030302,2.4589044291881725,0.7919756739808165,0.5554439737721946,0.4387334858960626,0.0938047787302834,0.8613103530974083,0.3062756580766474,7.904643222319604,0.4142765725258084,11.022498945044958,2.2076070373616385,0.0048790518034779,0.901015320679238,0.0698502097597274,19
40,Spathodea Campanulatum,64.5134230043629,0.0687465588375818,527.2075584195138,16.905393537192207,9.429334575312402e-05,0.8620590501932763,0.0096892942694505,75.35239490847447,0.0688726415941448,530.6664601272764,16.917684237010153,9.365069558975088e-05,0.8682628837470224,0.0096565456444107,35.33849129755429,0.0698822506745158,478.9694452906,16.29631825909376,0.0001155751425099,0.8192981726112614,0.0107283264226612,17.436149564198338,0.356784910919224,12.66179594228375,2.4914304548450894,0.0020876689419535,0.9632124291519952,0.0456910159873198,26.86424686882006,0.3370969080759441,15.8124771112576,2.721141873580898,0.0014735794738497,0.970785529120722,0.0383872306092766,1.3199434190287858,0.839416659789687,0.3752288874240094,0.3298908664762323,0.1434467080020891,0.8683822525423577,0.3787435913676813,1.5147220391122829,0.8874817967178081,0.2349941404819453,0.2266809492419248,0.2077356151082242,0.8667615959289025,0.4557802267631015,3.441464330183843,0.6718563663196071,1.3701384311140408,0.7647403501062038,0.0347062996005904,0.924211557700191,0.1862962683485379,16
41,Shorea Leprosula,74.41503350473366,0.1346531914422967,208.55071399089823,10.156860815827113,0.0003013431705164,0.8976083945630506,0.0173248317781561,82.45365551425319,0.133189412677845,215.03681389378568,10.307918632120195,0.0002945363169335,0.9146063813878746,0.0171280624054089,27.697097312914707,0.1349220872719468,196.1375805830077,9.943478461420307,0.0004601124922616,0.8254398187555905,0.0214064965048399,13.953241315136475,0.4615100838615742,7.755428039702233,1.8430521091811416,0.0066735328514737,0.964605013097615,0.0816916938952409,18.60790167493796,0.4275937583762136,9.334522332506204,2.048076923076924,0.0043927544136254,0.9676237915376844,0.0662778576420924,1.7266206575682386,0.8940631561366673,0.2274348635235731,0.2144075682382134,0.2288075282494735,0.8519686685770607,0.4783382989574152,1.252869106699752,0.9371975806451612,0.1289547146401985,0.1261631513647642,0.4233798180586897,0.8092513603606899,0.6506764311535264,4.1448511166253095,0.7242316183395575,1.029854218362283,0.626008064516129,0.0518258313597922,0.9401502869836056,0.2276528747013581,15
42,Syzygium Polyanthum,68.92522765631756,0.0960652724762468,272.2244873642948,12.000481223778266,0.0001717614096215,0.9023087328544588,0.0130791327665749,79.27557797202208,0.0967324364069572,271.5974173151927,11.953432224456774,0.0001747167975976,0.900761820829466,0.0131920088952198,31.74140869859141,0.0967365131896775,251.30965548068656,11.669064903814435,0.0002418344734899,0.8248348117543416,0.0155197022472473,17.590725504861638,0.461414709488236,6.622378459237098,1.6535228122662675,0.0042557475543601,0.963011397649018,0.0652360908880976,26.134435302916973,0.4825354761575174,6.733253552729993,1.5530590875093495,0.0039307922659209,0.9715331837833224,0.062696030703075,1.709364248317128,0.8699406180514897,0.2892744951383694,0.2648616305160807,0.1687264283504581,0.8940993866007574,0.4107632266287455,1.549184741959611,0.9297860882572928,0.1445923709798055,0.1411219147344801,0.2974872368003697,0.8583712442853677,0.5454239056003777,4.245205684367988,0.7205782408340989,1.0413163799551235,0.6291099476439792,0.0400338233656994,0.938244574227676,0.2000845405464886,18
43,Cinnamomum Iners,88.76948044645252,0.0792930562156218,408.8082269685402,14.79710053546848,0.0001260115340608,0.885030554763103,0.0112002873068326,94.96063491007956,0.0834121539681916,403.30212574677614,14.62075071339455,0.0001480177331725,0.8858910435330586,0.0121339348421187,29.70509416410161,0.074799031492411,386.4915611261218,14.775759144544748,0.0001573903466687,0.8082335844678699,0.0125197209248817,20.064353416848935,0.3169368989163062,14.413389010406313,2.7990985616756148,0.0018625274044641,0.9540357517283028,0.0431570087525086,27.43028435076557,0.3451256921256256,11.000609796513556,2.4457479949625505,0.0021503521110007,0.9648298257051892,0.046371889232602,2.495433154371314,0.7528139444517628,0.7283754225492145,0.5324716643467886,0.064071009035335,0.9092170327444687,0.2531225178354052,1.806807184993704,0.8908848677669516,0.2252932988665739,0.2194074368661762,0.2222228611008494,0.853409488447231,0.4714051984236591,5.805912374892296,0.5287169023299987,3.460489162855439,1.3040896135746003,0.0116837795592131,0.9294218795009124,0.1080915332448069,4
44,Clausena Excavata,68.97024869757689,0.0871879903575209,301.1794369168468,12.812201560926605,0.0001865345409444,0.8739321157271318,0.0136324282039778,82.74815331223965,0.0874601980742967,303.73289130968266,12.844004610143104,0.0001878327203388,0.8778926232651577,0.013679152581003,25.795200674901984,0.0888531185221427,272.5690146360592,12.335078746308804,0.0002501933807807,0.7972299981519975,0.0157875980657743,19.4124474789916,0.4026398860882755,7.548004201680672,1.9842436974789917,0.0032167724626615,0.9624707958199936,0.0567165977705074,27.596244747899146,0.4009703882244019,7.664915966386554,1.996218487394958,0.0030016239032377,0.9671222329539552,0.054787077885554,1.5176995798319328,0.8714968487394957,0.2682247899159664,0.2588760504201681,0.2015138284173963,0.8473223077669256,0.4489029164723664,1.5035976890756302,0.9269222689075628,0.1471638655462184,0.1463235294117646,0.3334219947170044,0.812152426172951,0.5774270470951325,4.571428571428572,0.6959642479438137,0.9521533613445378,0.6632878151260505,0.0333512678968646,0.9305213303332496,0.1826232950553259,6
45,Cinnamomum Iners,92.43246971004848,0.096246065583473,276.4835394915823,12.09902051078418,0.0001776391705152,0.894014133764252,0.0132997045748952,102.29701079766028,0.1031910232894992,264.18556390682085,11.7608873551205,0.0002277961472496,0.8934908410691293,0.0150545195511336,40.88867022930542,0.0871641234828938,286.83304812203926,12.608618116290392,0.000178139047313,0.854489127336691,0.013318690365438,27.15411514575061,0.3172813483271703,13.938566552901024,2.7617355788060203,0.0015158019424736,0.969032442254568,0.0389333012018457,35.7874167739048,0.3372861280186535,11.61373300509148,2.520128126223913,0.0017801377795864,0.9736529302790976,0.0421916790325591,2.861278184971745,0.7771987046232485,0.6671655569853969,0.4808230291501147,0.073558332441602,0.9213865903972984,0.2712163941239578,2.4201728864768084,0.8809083533821966,0.246475130084485,0.2395652660437531,0.1671667809866056,0.8877554838015397,0.4088603441110493,7.067937671347843,0.5565361854987313,2.791221395400884,1.1639344262295082,0.0122698748988434,0.9423991406864324,0.1107694673583087,4
46,Cratoxylum Formosum,106.76402576763483,0.1306267006720332,266.71691901395894,10.825020255665734,0.0003453841525127,0.8940257955698492,0.0185313876458348,114.60900665410252,0.1507308035265786,255.9500867354139,10.392463329022366,0.0009402683260713,0.8809100365642395,0.0305680695309311,37.42480506179501,0.0935239284731034,284.77866704061233,12.213291354255094,0.000168355685555,0.881073367095905,0.0129421049159542,29.049716914366584,0.3224516834911737,17.508669497522998,2.8685185185185187,0.0016961883180039,0.9554234850304436,0.0411848068831696,36.390867539514,0.3569551019100103,14.1871372965322,2.5218624675631047,0.0021204749838625,0.9582087899908496,0.0460486154391485,3.954087048832272,0.729323126257078,0.9655933003066762,0.6048124557678699,0.0415992888925952,0.9361166113538224,0.203959037290813,2.6380986081623026,0.879055185686883,0.2607218683651805,0.2449988204765274,0.1627244722870695,0.8961408373570465,0.4033912149354142,9.18211842415663,0.4897513066856829,5.0608221278603445,1.5288098608162304,0.0072313518076371,0.943561535688139,0.0850373553659632,7
47,Alstonia Angulstiloba,106.83967334593044,0.142867268893428,210.52063200503585,9.492963958363962,0.0004686532087818,0.8888011921633961,0.0216020402794194,116.19594807805603,0.153390890287055,209.57434714978808,9.310364461669105,0.0007076594070881,0.8937251853666422,0.0265478775094449,40.004441872954345,0.1188216461980181,208.1699795435654,10.082674850329626,0.0003360518285544,0.8228950852967409,0.0182910617304376,29.739989739989724,0.2951343589932055,16.527324027324028,3.0301455301455302,0.0018257053282838,0.9564685744973328,0.0427282731722665,33.49136674136675,0.3678834566724605,9.602897102897105,2.268744768744769,0.0032070501870971,0.962026496058158,0.0566308236484087,4.237539487539488,0.7618727915108003,0.6120771120771119,0.4987849987849986,0.0587623687463037,0.9180521490280432,0.242409506303494,3.092279342279342,0.8899343899343899,0.2223992223992223,0.2205092205092205,0.1838229294489251,0.8898455145323516,0.4287457631848099,10.32771957771957,0.5012221046614271,3.617868617868618,1.3845073845073843,0.0090176655671971,0.9412792531350024,0.0949613898760813,0
48,Spathodea Campanulatum,101.48480420779032,0.0964990326843202,341.8366643594516,13.208793682737976,0.0002046317036706,0.8702962721401841,0.0142733847073662,107.87827546093384,0.107788385452042,334.6300835444911,12.913695833655602,0.0003422764129161,0.8605107336955142,0.0184469060862731,57.698608855662286,0.0827099597955119,363.5236223476985,13.940071742170424,0.0001471065086011,0.8608316064104907,0.0121025990976144,25.1065475167555,0.2654174475492669,23.275505527868475,3.519619636821905,0.0014409983899456,0.9358579287292168,0.0379604845852317,32.09174686372232,0.2904552608978673,19.27125221973993,3.1519590995016324,0.001652984379996,0.9479254980943856,0.0406569106056522,4.169115541043708,0.6144277232889167,2.0508821676118463,0.956965687116916,0.0248066227749577,0.8956306475333266,0.1575011834081182,3.105938878386893,0.8077327172623514,0.4475568539840751,0.3949418571346738,0.0919065897380287,0.8898775899177588,0.3031609963996503,8.310384086612823,0.4165826312627579,7.045798247121497,1.9078306696454144,0.0060183751891721,0.9091516802354572,0.0775781875862808,16
49,Clausena Excavata,76.34202333950053,0.0931186143616748,323.0082694179467,12.80056416772484,0.0001744823237659,0.9074444866486412,0.0131803824332504,89.2551306761323,0.0934001753800967,331.33029901418365,12.895061290134766,0.0001777514175628,0.9169512918496134,0.0133034116737703,24.768086166227413,0.0930205620441528,269.6607442853835,12.103513453461694,0.0002490459096988,0.7902704689685495,0.0157473945331153,21.490561364400357,0.3495290911145167,11.216938237531624,2.4573182598234347,0.0018671761990202,0.9746997388950608,0.0432108342782258,29.536834562921324,0.3436224498553364,11.843815791801568,2.512322417422996,0.0016249231623828,0.980493029817328,0.0403103356768811,1.6785821700900516,0.8511542932549062,0.3256904269058613,0.302337101710808,0.1411994464544311,0.8748158133068034,0.3757651480039509,1.6227022627956758,0.9182032093130232,0.1645701749730198,0.1637563469737983,0.2920812764512517,0.8404289106172865,0.5404454426223351,5.035941121313449,0.6491448488554218,1.4171930010792066,0.8152433522636803,0.0217391469831567,0.942273606865141,0.1474420122731533,6
50,Syzygium Polyanthum,91.6068766383155,0.0817093264955235,350.5222568210733,13.859337927268225,0.0001672210305824,0.8532962368652672,0.0129095678245874,101.000709805283,0.0855271842818698,339.3735584826079,13.56589174023619,0.0001947023020864,0.8498445064426468,0.0139257048689781,40.23760322472004,0.0754878776019761,367.19107316068585,14.44893128135002,0.0001715883452971,0.8067767722294101,0.0130768195031153,25.020317449504372,0.3120948377957658,13.7803058687285,2.7783643857079605,0.0018900781191962,0.9542078184225848,0.0434750286853984,35.51944889131096,0.3334763752942985,12.094553629210804,2.5693654416022342,0.0020564269253296,0.961370037942242,0.0453478436679147,2.4565720903300536,0.7631167966058761,0.6389522803910215,0.5008685581933989,0.0808609145095821,0.8648112974871075,0.2843605361325339,2.2154364930685646,0.8860894444633672,0.2311727238666167,0.2283797132054906,0.2129369950722284,0.8414712259880711,0.4614509671376022,6.162658809904971,0.5510403094706618,2.65329200585851,1.1627780237746517,0.0144286313456416,0.9220829053728296,0.1201192380330545,18
51,Sandoricum Koetjape,88.98689642144984,0.0892500827913696,382.2269221620723,14.203438301998707,0.000138505947227,0.9191431488683474,0.0117340122580754,97.44978982373254,0.0981307451857521,361.9601547487866,13.7340924309774,0.0002582726802088,0.902229462304038,0.0160059303210914,35.185282784537634,0.0751608908361563,390.6171242314736,14.763192741487304,0.0001300473812283,0.8708996850157539,0.0113781450517463,23.564010360894837,0.3146655933285178,16.293375394321767,2.942117905825833,0.0014298437680396,0.9694849340946032,0.0378132750239859,33.34871791161406,0.3375075359012839,12.86416519549677,2.5989204989436514,0.0015503415635309,0.9757222232798178,0.0393743769922896,2.4168379011952643,0.7278542041054428,1.0828582178103203,0.6284258964489337,0.0663368805398599,0.9333974321091704,0.2575594699091065,1.9729762972824356,0.8740992099094146,0.2662142216305385,0.2542036870893989,0.1711111694409406,0.8928171517423396,0.4136558587049633,5.751866697537115,0.5543551472479636,3.4155500245998907,1.244971493068619,0.0145815683636786,0.9415877299766194,0.1207541649951613,14
52,Sterculia Parviflora,92.85612980999728,0.0927250211709288,270.24502680264305,12.175911358034908,0.0001877492500283,0.8721461588313713,0.0136733046425589,103.87925400291098,0.0987085205774477,259.7571514411836,11.865279552893938,0.0002326812279136,0.859940542978576,0.0152194670155683,31.44252698646606,0.0857102549884002,288.2491715898032,12.750503098361651,0.0002109485108228,0.824930585665122,0.0144952728115526,26.170044517338397,0.3115801386883101,14.146731490159326,2.804592314901593,0.0018825403362208,0.9557552631415628,0.0433882511311629,35.98008434864101,0.3363260968798068,11.85241916588566,2.51947633552015,0.0021684400263748,0.9658067938236536,0.0465665118553544,2.4998535613870674,0.8050993370637851,0.4683985473289597,0.4028526241799437,0.101528913988464,0.8941409925651999,0.318636021172221,2.1139292408622308,0.891978092783505,0.2203315370196813,0.2167584348641049,0.2498511570558103,0.8396848539778056,0.4998511348949908,6.548251522961583,0.5523170694653496,2.576470243673852,1.152384020618557,0.0148422117598138,0.9197220684325954,0.1218286163420314,17
53,Alstonia Angulstiloba,103.90374814969044,0.13187376043515,141.1238812216531,8.523477254068519,0.000397522349735,0.8789317670395451,0.0198972015926963,118.62558778571474,0.1488988999769583,130.58128928949222,8.046690293742952,0.0006903982475843,0.8686801070317595,0.0262071209922208,36.82715844522892,0.1116771302469271,169.20077617242714,9.6431114082627,0.0003155201784993,0.8585791984539592,0.0177256943645193,33.55694726430319,0.3147258259822092,13.504867510021343,2.713738351814253,0.002407454233976,0.9428067471245416,0.0490658153297801,41.45554687906704,0.3589970982912991,10.058503826331409,2.2879379457545945,0.0030161031641767,0.9548358963275106,0.0549190601173828,3.39972408766724,0.7632863027083384,0.6511843406736426,0.502025092404602,0.0802071459244512,0.8758067316531264,0.2832086614573276,3.03124577021188,0.8900806913425999,0.2249362278098808,0.2206882190639804,0.2309544185808121,0.8381982334579803,0.4805771723467648,9.946155447967095,0.5308761216581316,2.8475922744546827,1.221708574105888,0.0130375541049789,0.921187974780308,0.1141821093910028,0
54,Claoxylon Indicum,82.97115430934285,0.0848666838724305,337.8123005669559,13.625320156113125,0.0001560618512531,0.8677612572182192,0.012465543922789,97.92547218682664,0.0888951062615648,334.6257924548658,13.498858586604555,0.0001734342460513,0.8682768503389354,0.0131385270434955,31.527955125427763,0.0810669898814769,325.0296563534624,13.569105399849343,0.0001745855941257,0.8227355809496821,0.0131855841882073,19.70123363781901,0.3575782873064073,10.19199547980036,2.34575760429419,0.0028618986656466,0.9485193315652654,0.0534967164006041,28.070599868160865,0.3666987029587175,9.910236368772956,2.274338449948206,0.0029485443388732,0.9574768593464144,0.0543005003556433,1.8416329221207268,0.8444228619494044,0.3384876165363971,0.3155476033524814,0.1440578988380789,0.869901156427751,0.3795495999709115,1.7211507674922306,0.903527971505016,0.197363216875412,0.1936717205009887,0.2619834287901879,0.8435315134117548,0.5118431681581653,5.148036538280436,0.6093773318376359,1.8191920143139664,0.9395988322817592,0.0207067400318797,0.9206193157847536,0.1438983670229782,5
55,Bridelia Sp.,87.80873494153188,0.0835380019312216,339.6370434340435,13.64690959609214,0.0001651516104514,0.845183304225203,0.0128237402875661,93.8070843497406,0.0841708100808425,346.15678220850555,13.731751341581736,0.0001515814245384,0.8655777131788424,0.0122839929606895,37.11561009055913,0.0803435662549041,328.1252264086294,13.59112266794716,0.0001936515565498,0.7879691785380258,0.0138885260691474,17.173033055451874,0.379829812867082,8.344137530587696,2.1364729791381523,0.0031309665943505,0.9552933711052144,0.0559550408305677,23.9415100991249,0.3789629066172891,8.328812575173158,2.132553606237817,0.0027933098158522,0.9631065651760228,0.0528517721164792,2.090881755215462,0.8434557760853789,0.3489486126664178,0.3189622993654348,0.1436069759558274,0.853538501344692,0.3789551107398177,1.6071398946538926,0.9169528431006596,0.1667910912031853,0.1662104433660985,0.2811176602955775,0.8331445656682966,0.5302053001390853,4.483721123138818,0.6288489172205265,1.6486873211397286,0.8855916386711459,0.0245504986226475,0.9236028246901647,0.1566859873206521,1
56,Pometia Pinnata,93.84061581001696,0.1242825470084874,190.05314786107803,9.609281954657796,0.0002374717157023,0.9334915680846012,0.0153753414799215,107.1350634822586,0.1387567371190732,181.8676137428417,9.270096408152977,0.0004163829302269,0.9199259308749038,0.0203527474665895,22.27054393873721,0.1142503572875541,189.31243150875923,9.913208206510737,0.0003470961608643,0.8926755348826716,0.0185853046536974,24.901844532279323,0.4022271824341176,9.42951251646904,2.0876659572311747,0.0027585828377664,0.9715609685027512,0.0525222128034074,34.49389378737204,0.436061719988313,8.475879193270499,1.8640417553461035,0.003383039166018,0.9779959620941504,0.0581638991644989,2.323147866626128,0.8324963397558323,0.5213337387250431,0.3644471470558427,0.1237923244562635,0.9416549467354832,0.351841334206576,1.742956319043276,0.932233708320665,0.1380865511300293,0.1359582446538968,0.3648970601592648,0.8373704451480583,0.6040670990537929,6.156937265632922,0.6085794698678499,2.603273538056147,1.0288334853552246,0.0187069636585149,0.9353515313075512,0.1367734025990249,13
57,Sterculia Parviflora,89.70606180447608,0.1077633285144333,230.0057262856878,10.99850094952638,0.000240791308252,0.888252997197969,0.015487745169641,104.04510284721648,0.1156800270785234,221.80173946314756,10.728321538403682,0.0003245587293292,0.8761136843520682,0.017965597501457,30.644388757057524,0.095141201708594,249.84401221597176,11.68416443689712,0.0002276936512641,0.8949787646572055,0.0150607322710036,26.103636363636387,0.3563993867162566,10.56297520661157,2.3996694214876038,0.0024839184481934,0.9570467233006044,0.0498389250304762,35.24884297520664,0.3823692037960917,8.680495867768595,2.159669421487604,0.0027103954647906,0.9670821388084422,0.0520614585349916,2.47301652892562,0.811862234022662,0.4565289256198347,0.3894214876033058,0.104985209343624,0.9026748064754566,0.324014211638354,2.076239669421488,0.8826115702479338,0.2393388429752066,0.2355371900826446,0.2112690492452701,0.8824640246487981,0.4596401301510456,6.765454545454546,0.5774302829252211,2.3213223140495867,1.0692561983471074,0.0160317396352708,0.9271024649839428,0.1266165061722634,17
58,Calophyllum,110.94961856998486,0.1421872964284705,211.433679544345,10.654132370137644,0.003142484252543,0.8969880692575034,0.0559273913491471,112.56681886854624,0.1355868228713619,199.40819120459747,10.417502549889509,0.0020156525948795,0.8613617339814001,0.0448247530296287,50.13272288586949,0.091153094327019,246.13691157223144,11.863774950539495,0.0002436196448552,0.8917511200752313,0.0155867040825078,25.343212669683293,0.3930278829900765,8.06214177978884,2.051282051282051,0.0030085265339457,0.9652203056095848,0.0548500367725104,32.876772247360506,0.4324124024310179,6.576621417797888,1.8070889894419304,0.0039423844720624,0.9693707842117564,0.0627884103323408,3.6503770739064825,0.6528855386784586,1.7040723981900452,0.8521870286576169,0.0413025713824223,0.938865529539152,0.2032303407034056,2.526546003016591,0.8770437405731523,0.2546003016591251,0.2473604826546002,0.1766589431920813,0.892976357837644,0.4203081526595473,7.1739064856711865,0.5902573321578366,1.9873303167420813,1.001206636500754,0.018228844618251,0.9396109782778624,0.1350142385759778,2
59,Pennisetum Purpureum,81.30653112186961,0.084163381941766,313.8859327127145,13.236256755531867,0.0001690383732905,0.8452712844250165,0.0129717071715697,94.2289763652698,0.0865437870141979,308.8587419388723,13.099385754915811,0.0001832886072269,0.8336593307061425,0.0135074349698191,42.11038380282237,0.0802346477142136,327.7513789975358,13.623616207916552,0.0001648694227224,0.8352393455224587,0.012810809545902,15.899344154779468,0.4107148053476254,5.996939388970869,1.8424222550144835,0.0053033242475811,0.939046007822291,0.0728239263400511,23.794704049844228,0.3824081504313877,7.840651472919059,2.083838880690824,0.0036968853197651,0.951710221848823,0.0608020173988094,1.7490244302344644,0.8439952893892305,0.3410941684429141,0.3168278952833798,0.1716858456229711,0.849609196215476,0.4143499072317635,1.6448434169535986,0.8984030168880145,0.205607476635514,0.2035962179592283,0.2752183331123973,0.8016112535868586,0.5246125552370982,4.537705634803517,0.667296892936663,1.2222878067442748,0.7539487347652618,0.037648025304865,0.909557439439324,0.1940309905784769,12
60,Sterculia Parviflora,117.06763420724066,0.2015987791530517,105.30789813295078,6.82013634642082,0.0010987843530355,0.902668042657433,0.0330540280093131,115.33548619001502,0.2009700037229462,109.18109666287808,6.870215601284824,0.0010303359356644,0.9086816159438128,0.0320274324408033,44.5267227412362,0.1472825643777662,142.92098605675028,8.407777146544058,0.0005822627657115,0.8537141236021756,0.0240857483808705,22.642446941323342,0.4167658276380304,13.20287141073658,2.406367041198502,0.0064544943040924,0.9659233601673016,0.0803398674637469,27.613545568039918,0.4356572337067279,8.8270911360799,2.0233458177278405,0.0057874909795963,0.9688549094265744,0.0760755609877203,4.929900124843945,0.697625210446096,1.266541822721598,0.7092384519350811,0.0541666004261215,0.9287705592467432,0.2327371917552532,2.4065543071161044,0.9010611735330838,0.2053682896379525,0.1991260923845193,0.2682272159800249,0.8820376700318757,0.5179065707055907,8.73233458177278,0.5760000059139038,4.494257178526842,1.3184769038701627,0.0299765040889898,0.9493162462136736,0.1731372406185044,17
61,Campnosperma Auriculatum,92.65470087070824,0.0851251812811448,548.8237936835916,16.180513053233113,0.0001304682875071,0.8717414917915933,0.0113948980015913,101.13960497699046,0.0982567325134952,530.0667163174927,15.750262382229195,0.0003370497349887,0.8684226469638712,0.0182838809712058,59.40955770439778,0.0693665792650346,603.250585936788,17.617867157059976,8.75250474676972e-05,0.8491259303239033,0.0093328982584829,22.39948816679185,0.2809889467202274,33.32488104182319,3.916095354370148,0.0011367827610129,0.9347375308422649,0.0337162091732288,34.29996047771102,0.2712160935958307,37.05280725644879,4.084354651890808,0.0010472662973585,0.9406224451352604,0.0323614940532497,2.406120867768596,0.7175611035584601,1.1010518407212624,0.645786376158277,0.0509603531343663,0.8824230598745149,0.2257439991104223,2.4013547145003757,0.8086854215183493,0.5102914475331831,0.4033073503631355,0.1013302711545655,0.8806400241781202,0.3183241604945587,4.848553327698475,0.5458141753515635,3.951148885549712,1.3066616579013273,0.0138977389823151,0.9029384565630106,0.1178886719846954,3
62,Leea Indica,117.30807454339764,0.1782809237254057,122.95631361819508,7.324283909780044,0.0007057052351159,0.902154627748062,0.0264882055788559,124.0055949688549,0.198961405390006,115.5463383550582,6.949037565265815,0.0015123553965885,0.8957657905830363,0.0387591951147574,38.66302639647768,0.1250895530620315,162.47881308622567,9.115843892154906,0.00030580255086,0.9088843055850347,0.0174406478128139,32.29999435411022,0.3802460247241392,8.528794037940381,2.1488256549232165,0.0025516524325981,0.9717996939456334,0.0505138835628203,36.95517163504967,0.437755667498947,5.497911020776874,1.7165198735320686,0.0033510803999187,0.9791762415496624,0.0578885169953309,5.850807362240289,0.7056222038449443,0.9737466124661248,0.6506887985546523,0.0365152671847216,0.9396846775977068,0.1910896836166769,3.2565774616079497,0.8793529810298102,0.249830623306233,0.2427168021680216,0.1611248203719616,0.9067527202886096,0.4014035629786582,12.61367999096656,0.4949461951905334,3.763832429990967,1.4115289069557362,0.0079552107661151,0.9495309047014088,0.0891919882395,11
63,Dillenia Suffruticosa,82.33457385724502,0.1048525369731615,258.7250508275376,11.495184113916483,0.0002355042800373,0.9096529426235486,0.0153180860422593,96.21107799038327,0.1084263197966394,258.64700459201663,11.417419222258832,0.0002579464166862,0.9044541924836732,0.0160314316837985,21.364208878753026,0.1110626479315743,220.2098853258746,10.760708881842556,0.0003483639585676,0.8855574743509808,0.0186227913049041,28.85388888888892,0.3363603382078818,13.857333333333337,2.6924444444444444,0.0021476913580246,0.96060617789272,0.0463431910643267,37.62727777777779,0.3543952664731016,12.893666666666666,2.570777777777778,0.0025809629629629,0.9654720021114108,0.0508031786698722,2.726555555555553,0.8010923905806259,0.6845555555555556,0.4416666666666666,0.090968598765432,0.9306703027108144,0.3016100110497529,2.165611111111111,0.9027,0.2023333333333333,0.1958888888888888,0.2461313641975309,0.9012929161442006,0.496116280923667,7.732277777777779,0.5707674672705402,2.610333333333333,1.1181111111111113,0.0125794999999999,0.9465669010594674,0.1121583701736076,8
64,Sterculia Parviflora,93.06831629241648,0.1098993267773217,181.98533311809217,10.01636519352553,0.0002602317683531,0.8968976190718169,0.0160992096904382,103.9714920258773,0.1143510251742414,176.44706076259322,9.834437767648325,0.0003042032684551,0.8777827889901455,0.0174001706441128,39.18333047506941,0.101833362269572,196.5517224666937,10.532379505537849,0.0002620146416571,0.8694961814795287,0.0161545457844871,29.99384418398505,0.347374024115281,12.03846153846154,2.5030532847434257,0.0026159338114244,0.9531426240505196,0.0511462003615566,38.77011720673693,0.386741389773651,9.58258642765685,2.179060376243475,0.0037194988865764,0.9515054419587378,0.0609876945504288,3.564562198365014,0.7757166200955635,0.5973111395646609,0.4729144095341279,0.0723245823195467,0.922162096322705,0.2689323006251698,2.8379789224859646,0.8668431816733392,0.2771594602580518,0.2680980990840146,0.1723673678176475,0.8755132760513699,0.4151714920579778,8.505294001772874,0.5286446779989852,3.278636856101645,1.2798187727765191,0.0122342347544986,0.929384530907624,0.1106084750572878,17
65,Ficus Variegata,104.96998590028772,0.1001343768004322,348.4658173814186,13.334037596052422,0.0002516327597712,0.8571140334015125,0.0158223067582252,114.2531348000512,0.1201480423150037,316.2911582770611,12.477459146723229,0.0006773276936729,0.8191404190129064,0.0259312687955789,47.128716860753975,0.0691523380336433,437.0772102043793,15.726542819747284,0.0001237316551463,0.836200079196703,0.0110987441000868,34.61994698849537,0.2340820394138111,30.061820437626885,4.079754116850891,0.0010423249607192,0.9370185262331868,0.0322850578552875,44.99461989623284,0.2921833414687583,19.104714640198512,3.15483870967742,0.0015840517224928,0.9492281602657462,0.0398001472672261,3.3663546131288054,0.6399544829018132,1.627814121362508,0.8601849763140083,0.0326595746128957,0.8972351290102275,0.1807196021822086,2.969783442364088,0.8165927030202319,0.4038912700203023,0.3729641326415519,0.1162694334510733,0.8620035935415008,0.3409830398290703,7.987705842544549,0.4160657767754148,6.89965034965035,1.9029438303631852,0.0069722894789295,0.8858888910983952,0.0835002364004411,10
66,Spathodea Campanulatum,99.52256888352508,0.0875508686160659,484.560930048452,15.317109966208813,0.0001721958885982,0.8365364906390224,0.0130930927181762,107.04037258030316,0.1008399386357025,451.9327496409144,14.675896731847434,0.0004021778600997,0.8230531637542906,0.0199817876168288,55.94593956110559,0.0682472554761035,555.8729798628074,17.08058248121602,9.432908833758404e-05,0.8543080314705698,0.009690729523824,21.50489734299518,0.2850850422646667,26.04410628019324,3.493671497584541,0.0014792787791138,0.9258204419194316,0.0384613933589757,29.810969202898544,0.2902013440127455,26.43157004830918,3.443804347826087,0.0014333776386263,0.9401584951200044,0.0378599740970109,2.632708333333331,0.6769350690303639,1.4817814009661836,0.7673852657004833,0.0437892353453406,0.8614696485773089,0.209258776029443,2.225884661835749,0.8055716498024683,0.4951811594202899,0.4061594202898551,0.1079565204810789,0.8575713765254995,0.3285673758623624,5.477653985507248,0.522525934821924,3.917524154589372,1.3556038647342996,0.0131290626130423,0.8823978134143805,0.1145821216989906,16
