index_,tree_name,r_glcm_mean,r_mean_homogeneity,r_mean_contrast,r_mean_dissimilarity,r_mean_ASM,r_mean_correlation,r_mean_energy,g_glcm_mean,g_mean_homogeneity,g_mean_contrast,g_mean_dissimilarity,g_mean_ASM,g_mean_correlation,g_mean_energy,b_glcm_mean,b_mean_homogeneity,b_mean_contrast,b_mean_dissimilarity,b_mean_ASM,b_mean_correlation,b_mean_energy,RE_glcm_mean,RE_mean_homogeneity,RE_mean_contrast,RE_mean_dissimilarity,RE_mean_ASM,RE_mean_correlation,RE_mean_energy,NIR_glcm_mean,NIR_mean_homogeneity,NIR_mean_contrast,NIR_mean_dissimilarity,NIR_mean_ASM,NIR_mean_correlation,NIR_mean_energy,Wideband_Red_MEAN_I_mean,Wideband_Red_MEAN_I_median,Wideband_Red_MEAN_I_25th,Wideband_Red_MEAN_I_75th,Wideband_Green_MEAN_I_mean,Wideband_Green_MEAN_I_median,Wideband_Green_MEAN_I_25th,Wideband_Green_MEAN_I_75th,Wideband_Blue_NONE_mean,Wideband_Blue_NONE_median,Wideband_Blue_NONE_25th,Wideband_Blue_NONE_75th,Wideband_Blue_MEAN_I_mean,Wideband_Blue_MEAN_I_median,Wideband_Blue_MEAN_I_25th,Wideband_Blue_MEAN_I_75th,RedEdge_NONE_mean,RedEdge_NONE_median,RedEdge_NONE_25th,RedEdge_NONE_75th,RedEdge_HOMOGENEITY_mean,RedEdge_HOMOGENEITY_median,RedEdge_HOMOGENEITY_25th,RedEdge_HOMOGENEITY_75th,RedEdge_MEAN_I_mean,RedEdge_MEAN_I_median,RedEdge_MEAN_I_25th,RedEdge_MEAN_I_75th,Blue_HOMOGENEITY_mean,Blue_HOMOGENEITY_median,Blue_HOMOGENEITY_25th,Blue_HOMOGENEITY_75th,Blue_ASM_mean,Blue_ASM_median,Blue_ASM_25th,Blue_ASM_75th,Blue_MEAN_I_mean,Blue_MEAN_I_median,Blue_MEAN_I_25th,Blue_MEAN_I_75th,NIR_NONE_mean,NIR_NONE_median,NIR_NONE_25th,NIR_NONE_75th,NIR_HOMOGENEITY_mean,NIR_HOMOGENEITY_median,NIR_HOMOGENEITY_25th,NIR_HOMOGENEITY_75th,NIR_MEAN_I_mean,NIR_MEAN_I_median,NIR_MEAN_I_25th,NIR_MEAN_I_75th,Red_HOMOGENEITY_mean,Red_HOMOGENEITY_median,Red_HOMOGENEITY_25th,Red_HOMOGENEITY_75th,Red_MEAN_I_mean,Red_MEAN_I_median,Red_MEAN_I_25th,Red_MEAN_I_75th,Green_NONE_mean,Green_NONE_median,Green_NONE_25th,Green_NONE_75th,Green_HOMOGENEITY_mean,Green_HOMOGENEITY_median,Green_HOMOGENEITY_25th,Green_HOMOGENEITY_75th,Green_MEAN_I_mean,Green_MEAN_I_median,Green_MEAN_I_25th,Green_MEAN_I_75th
0,Falcataria Moluccana,91.70176359398867,0.1015653392546314,390.4612368290127,13.599778951532766,0.0001880833297424,0.8053700769537209,0.0136906723429216,102.40950856113432,0.108047858084674,378.7654182703485,13.340117240849892,0.0002232188980126,0.8023095398035458,0.0149107044931978,46.58983779377239,0.0869811360145629,364.83451086967136,13.791452414727589,0.0001985763301913,0.7425499207817007,0.0140703959076907,45.36699956986406,0.1297237526517567,191.4631438098598,9.595327875648094,0.0002914176970836,0.8791953520893723,0.0170303892387721,61.56348613558404,0.1267038036793586,178.4828628218065,9.36014147632541,0.0002799633913064,0.8969454929438128,0.0166909401585231,0.7208554077489958,0.7973870582421128,0.3795510512357498,0.3808305725999569,0.3665227046494862,0.0705208772465052,0.3657546826087059,0.5806894571733607,0.1303533636107162,0.0241632852116144,0.4876280583248561,0.0698518820242311,0.4879575717964428,0.4463483362985834,0.0294730341719911,0.0879505291439282,0.198225296091856,0.084787149170814,0.7265625,0.8046875,0.3828125,0.383544921875,0.3603839576244354,0.06884765625,0.365966796875,0.58349609375,0.12310791015625,0.0241241455078125,0.4873564541339874,0.06866455078125,0.488037109375,0.444580078125,0.029541015625,0.0803834646940231,0.193603515625,0.0850830078125,0.6884765625,0.7685546875,0.30859375,0.34912109375,0.2925137728452682,0.057098388671875,0.328369140625,0.541015625,0.10284423828125,0.02154541015625,0.4154804050922394,0.05609130859375,0.447265625,0.401611328125,0.0256500244140625,0.0606976635754108,0.16552734375,0.07366943359375,0.76171875,0.8349609375,0.453125,0.413818359375,0.4368008449673652,0.08233642578125,0.406494140625,0.62255859375,0.14892578125,0.0268707275390625,0.5646923631429672,0.0821533203125,0.53466796875,0.4892578125,0.033447265625,0.1059739459306001,0.2266845703125,0.09613037109375
1,Ficus Variegata,94.8416929954702,0.0843158353720738,664.2179002885728,17.7940054213408,0.0001471570276066,0.8435492476100529,0.0120997535273655,106.56570044286092,0.1146000145662307,640.6986228352448,16.982653692987537,0.0008750929406923,0.8377721867202859,0.0294755203651982,35.09794278342166,0.061639110398235,654.3849680447254,18.943068769285585,9.72818333523643e-05,0.7778793041989832,0.009844921084378,50.86574903253093,0.0976108114596242,304.16004486814904,12.57422202886022,0.0001402701611682,0.8969395576371865,0.0118127218116638,67.94425668803466,0.1100203270052662,233.05073947654947,10.874137017557455,0.0001708738797834,0.9164574195137872,0.0130369099639651,0.7592142468265872,0.823925892617984,0.3052952638285985,0.3044725227431386,0.4238165887923809,0.0518922215424253,0.4220427553231382,0.4808758078400043,0.0802900252532067,0.0245508266223495,0.5461330271042231,0.0575793227538265,0.5447337024002459,0.3194763998084399,0.0337510161177808,0.1107977820962918,0.1299340281603557,0.1075315067885252,0.76513671875,0.83544921875,0.296875,0.303955078125,0.4293699264526367,0.050201416015625,0.428955078125,0.475341796875,0.07012939453125,0.0249176025390625,0.560018390417099,0.0556640625,0.55224609375,0.3095703125,0.0338134765625,0.1055437065660953,0.12451171875,0.1077880859375,0.7109375,0.78271484375,0.1953125,0.2666015625,0.3135063126683235,0.040771484375,0.368896484375,0.430419921875,0.056365966796875,0.0213470458984375,0.4469431415200233,0.043304443359375,0.488525390625,0.2705078125,0.02777099609375,0.0659428425133228,0.10443115234375,0.0897216796875,0.81494140625,0.87646484375,0.40625,0.340087890625,0.5369700938463211,0.06085205078125,0.4794921875,0.52685546875,0.0931396484375,0.0279541015625,0.6578486263751984,0.06951904296875,0.60546875,0.357177734375,0.03948974609375,0.1491728164255619,0.148681640625,0.1253662109375
2,Bridelia Sp.,93.72414766422229,0.0975337488567195,350.5337000185981,13.135879367219236,0.0001633012412534,0.89081119824564,0.012748972432555,107.0162423397444,0.1178942976835931,337.87050028774195,12.648574092753584,0.0004832923060365,0.8926570579699341,0.0219068572462595,46.97225893672255,0.0846978300460917,344.67790441021066,13.56312347599598,0.0001530436529639,0.8493151830399468,0.0123429924728032,47.49572236751054,0.1427022301259304,111.31898415855149,7.708843702389567,0.0002732451185507,0.944502769070264,0.0164852631119752,66.90464383591946,0.1528215031367538,96.8492388765053,7.083914681691544,0.000285217344164,0.9618934514190188,0.016841009029127,0.7399340416091775,0.824904571745093,0.3851965016912942,0.3860624793977824,0.3826830190570369,0.0709300870048165,0.3810357158566489,0.595245485854187,0.1592162846882232,0.0228587272036896,0.5249530570086729,0.0718072076206298,0.5244311493012284,0.4606086720905843,0.025305097395571,0.0852437513802669,0.1937208489487131,0.0817283043870727,0.75048828125,0.84130859375,0.39453125,0.39111328125,0.3914282619953155,0.069091796875,0.38671875,0.59765625,0.1444091796875,0.02294921875,0.5431046783924103,0.0697021484375,0.5341796875,0.45947265625,0.0251922607421875,0.0814028903841972,0.1875,0.08172607421875,0.68603515625,0.7763671875,0.296875,0.34033203125,0.2986311465501785,0.054718017578125,0.3291015625,0.5458984375,0.1187744140625,0.0191802978515625,0.43954499065876,0.051971435546875,0.464599609375,0.409423828125,0.020477294921875,0.0560077736154198,0.15673828125,0.06597900390625,0.8037109375,0.8896484375,0.484375,0.4345703125,0.4752109497785568,0.0845947265625,0.439453125,0.64453125,0.180419921875,0.026641845703125,0.628192275762558,0.0892333984375,0.59375,0.50927734375,0.030029296875,0.1104257442057132,0.2235107421875,0.09710693359375
3,Falcataria Moluccana,91.61828425285589,0.1086719836230285,405.1792272233731,13.514777114982245,0.0001558920456622,0.8785168908655347,0.0124608584302893,103.7422831990106,0.127311613659477,390.46423419011546,13.090068333496127,0.0003823025347317,0.873386252071249,0.0195080274372575,45.23858542556904,0.0902406071069844,376.7332120837743,13.776320534584862,0.0001632368210393,0.8164220917642637,0.0127527101107211,46.5581400881856,0.1384200521430506,167.74726358507024,8.90190570103624,0.000255176530283,0.9232803620144466,0.0159311684573512,64.11551690159294,0.1361334207059486,152.34865298066737,8.601317755195069,0.000247549494996,0.9337701837442662,0.015690223261506,0.714304259174953,0.7914401943852463,0.3689388723768127,0.3689559211298891,0.3726582950391794,0.0636182220925777,0.3702034375346298,0.5467356005358017,0.1266773036110018,0.0235606312360588,0.502719644640261,0.0625181436362033,0.5012526107437588,0.4061237703874349,0.0283530850984361,0.0876560110696967,0.1818499490724388,0.0839662156761721,0.7294921875,0.80517578125,0.37109375,0.373291015625,0.3636666387319565,0.060882568359375,0.374755859375,0.54443359375,0.1119384765625,0.02398681640625,0.5009827017784119,0.0601806640625,0.5068359375,0.39697265625,0.028900146484375,0.0782408937811851,0.173583984375,0.0841064453125,0.67041015625,0.751953125,0.28125,0.33447265625,0.2798243686556816,0.04840087890625,0.325439453125,0.4921875,0.0902099609375,0.020538330078125,0.411990188062191,0.0478515625,0.4560546875,0.34130859375,0.02325439453125,0.0544786630198359,0.1376953125,0.06878662109375,0.7744140625,0.84716796875,0.4609375,0.40869140625,0.4592141136527061,0.07568359375,0.421142578125,0.59912109375,0.1468505859375,0.0270843505859375,0.59675033390522,0.07440185546875,0.5546875,0.461181640625,0.03387451171875,0.1099200081080198,0.2181396484375,0.0994873046875
4,Falcataria Moluccana,94.97887126245716,0.1014532704675056,512.2064180748658,15.169069975762415,0.000156641086538,0.8536320662125324,0.0124919943178959,104.5141021240252,0.1218924295731513,507.5181046293801,14.863615649662115,0.000474671339456,0.8571175284345949,0.0217376486066224,37.95762814765519,0.0825621201463828,437.485925193354,14.967588651574305,0.00017865669741,0.7313106738199069,0.0133478473248787,48.368814755733176,0.1113328857121707,278.3261018943492,11.466281334107451,0.0001691353070213,0.8992520653231144,0.0129733034436921,62.09743512089965,0.1153643710123739,225.50221835113567,10.458646773970228,0.0001893280886621,0.9121213955205432,0.0137251149104004,0.7436525433918634,0.7995787133750407,0.3152553305741827,0.3161071114523668,0.392698612245669,0.0557528062536028,0.3916494572197046,0.5160850428406881,0.1017979176057565,0.0246602720928733,0.4928358805833889,0.0584465329061065,0.4926379948207716,0.3510765753425654,0.0360292338943019,0.1085876959253699,0.1413079219198853,0.1053985940187661,0.75732421875,0.8193359375,0.31640625,0.31640625,0.3868446797132492,0.052978515625,0.396484375,0.5146484375,0.092529296875,0.024871826171875,0.4951034039258957,0.055908203125,0.50048828125,0.3525390625,0.034332275390625,0.0972523353993892,0.1346435546875,0.10296630859375,0.70068359375,0.7626953125,0.24609375,0.29052734375,0.2917096316814422,0.042724609375,0.34326171875,0.463134765625,0.0728759765625,0.021331787109375,0.4018155559897423,0.045257568359375,0.447021484375,0.289306640625,0.0287628173828125,0.0642824321985244,0.1064453125,0.085205078125,0.80517578125,0.8603515625,0.390625,0.342529296875,0.4924809113144874,0.0654296875,0.44580078125,0.56494140625,0.11737060546875,0.0283050537109375,0.5927200615406036,0.0689697265625,0.54736328125,0.4072265625,0.04339599609375,0.1411594040691852,0.16552734375,0.12481689453125
5,Spathodea Campanulatum,99.63605054365404,0.085345083927056,468.6231435835207,15.310059724169552,0.0001687360179312,0.8367167016373599,0.012957359032213,102.01326604172424,0.0893966336868964,464.75586490509306,15.128846815319068,0.0002063748994255,0.8400212023744309,0.0143262691358711,48.60849669278264,0.0685565861103271,517.0422808662804,16.70893265144536,0.0001112815896162,0.816263445319509,0.0105265220100401,41.06170997146468,0.1366699946996837,143.696036338093,8.567905092869786,0.0002834747858342,0.9166300423515916,0.0167927058290497,54.16374806045513,0.1417480969338649,142.30980716025317,8.368213156694377,0.0002896746135983,0.9298773732833664,0.0169747677271757,0.7943453748223147,0.8049226143249891,0.4080007121540965,0.4081099909152664,0.3333077799684956,0.0726205406147568,0.3312603338808135,0.5451494625020489,0.1122863980193979,0.0219810828741732,0.4273173588137105,0.0742047391173823,0.425962939244854,0.3373506467481946,0.0373758238536392,0.0808339488182289,0.2077018483433821,0.0772812933532858,0.80419921875,0.81689453125,0.41015625,0.412841796875,0.3378583341836929,0.068115234375,0.333251953125,0.54296875,0.10003662109375,0.022064208984375,0.4377993494272232,0.06768798828125,0.4296875,0.333251953125,0.0372314453125,0.0779108479619026,0.20263671875,0.07781982421875,0.7607421875,0.77587890625,0.3046875,0.372314453125,0.2580506354570389,0.053924560546875,0.296630859375,0.489501953125,0.07733154296875,0.01959228515625,0.3533211350440979,0.052398681640625,0.387451171875,0.2841796875,0.0312042236328125,0.0572122307494282,0.172607421875,0.06787109375,0.84033203125,0.84912109375,0.51171875,0.44873046875,0.4113054499030113,0.0872802734375,0.3701171875,0.60205078125,0.1378173828125,0.024383544921875,0.5100841522216797,0.09033203125,0.47021484375,0.3828125,0.0435791015625,0.1009441725909709,0.238037109375,0.08709716796875
6,Terminalia Catappa,98.99620385309343,0.0991543553675206,563.6546938812867,15.90946419579472,0.0001882563507777,0.8449208083088986,0.0136847900319802,108.89245868218792,0.1261705126382994,533.0511327484404,15.184122680640847,0.0008213051909579,0.831716132255957,0.0285617615331087,39.00453566979079,0.067147844985144,599.1255983096137,17.748075103763988,0.000104970880724,0.7915121047637836,0.0102242880786338,47.51495072553244,0.1262492375971183,242.62723638358528,10.555955407089956,0.0001988927023395,0.897783763154597,0.0140623688891126,57.75292825627831,0.1487140562982607,173.4715426902928,8.815397660201095,0.0002775044332557,0.9097762825251304,0.0166098401746298,0.7791578870703797,0.8310156619670384,0.3337133948590184,0.3342915818782299,0.3830187369279175,0.058102123387318,0.3808630875210269,0.4777106298917605,0.0757248851310857,0.0258396652254443,0.4502435360017252,0.0695995323758126,0.448523571116863,0.2739939519371921,0.0436325457903597,0.1172071221352935,0.1263461620238379,0.1138850396872339,0.7861328125,0.83935546875,0.328125,0.33447265625,0.3826887458562851,0.05596923828125,0.37890625,0.47900390625,0.07098388671875,0.0255584716796875,0.4518651366233825,0.06689453125,0.4443359375,0.27197265625,0.042755126953125,0.1104508154094219,0.12158203125,0.11236572265625,0.73828125,0.79443359375,0.2265625,0.294921875,0.2847230732440948,0.0457763671875,0.332275390625,0.435791015625,0.057525634765625,0.02239990234375,0.3686791360378265,0.053863525390625,0.3984375,0.2347412109375,0.036041259765625,0.0715925730764865,0.101806640625,0.09539794921875,0.830078125,0.876953125,0.43359375,0.372802734375,0.4762618765234947,0.06866455078125,0.429931640625,0.5205078125,0.08831787109375,0.029205322265625,0.5342176407575607,0.08245849609375,0.4990234375,0.30859375,0.05047607421875,0.1547160074114799,0.1446533203125,0.1312255859375
7,Spathodea Campanulatum,64.5134230043629,0.0687465588375818,527.2075584195138,16.905393537192207,9.429334575312402e-05,0.8620590501932763,0.0096892942694505,75.35239490847447,0.0688726415941448,530.6664601272764,16.917684237010153,9.365069558975088e-05,0.8682628837470224,0.0096565456444107,35.33849129755429,0.0698822506745158,478.9694452906,16.29631825909376,0.0001155751425099,0.8192981726112614,0.0107283264226612,31.493039265873115,0.1869495211846818,68.70338497799779,5.855016908445161,0.0004619029053808,0.9504203141733136,0.021431379128432,49.07950740595979,0.173686903825514,85.61405045177659,6.396452678718032,0.0003249560207864,0.9607771828032318,0.0179756264949033,0.5376469248083466,0.6208087829606503,0.3154318442300057,0.316561655725018,0.2617428186373952,0.0897924380194871,0.2606582984270217,0.6446405768249522,0.2067161568956619,0.0151198876135112,0.397171698089808,0.0817139630116654,0.3972778290021348,0.5582870339136827,0.0143809778944322,0.0467447210861465,0.3072028802717266,0.0432770266485923,0.54638671875,0.62890625,0.3203125,0.32177734375,0.2607597410678863,0.0843505859375,0.258544921875,0.63916015625,0.1734619140625,0.0150222778320312,0.410876452922821,0.07708740234375,0.39794921875,0.55322265625,0.0144729614257812,0.0424517579376697,0.2998046875,0.041748046875,0.48095703125,0.5595703125,0.2109375,0.263671875,0.1882693171501159,0.06854248046875,0.210205078125,0.58935546875,0.1376953125,0.0115127563476562,0.3059645816683769,0.058074951171875,0.329833984375,0.50830078125,0.0108413696289062,0.0299223233014345,0.250732421875,0.033477783203125,0.603515625,0.69091796875,0.421875,0.374755859375,0.330006293952465,0.1048583984375,0.308837890625,0.68798828125,0.2254638671875,0.0187187194824218,0.4918354228138923,0.0994873046875,0.467041015625,0.5986328125,0.0178985595703125,0.0597035875543952,0.349365234375,0.0518798828125
8,Shorea Leprosula,74.41503350473366,0.1346531914422967,208.55071399089823,10.156860815827113,0.0003013431705164,0.8976083945630506,0.0173248317781561,82.45365551425319,0.133189412677845,215.03681389378568,10.307918632120195,0.0002945363169335,0.9146063813878746,0.0171280624054089,27.697097312914707,0.1349220872719468,196.1375805830077,9.943478461420307,0.0004601124922616,0.8254398187555905,0.0214064965048399,24.6007353964087,0.2749107508174068,40.47395041237543,4.327532330174124,0.001601950685793,0.9540804949393028,0.0399014752453942,33.25810603323268,0.2462049162576518,48.27746176805873,4.772703639899669,0.0010380744109996,0.9583758385955008,0.0321168990231021,0.6091361130340189,0.6681965115704114,0.2291847969409282,0.228426621835443,0.2132071241469197,0.07986934677961,0.2107031971090453,0.7237613726265822,0.3069235757433412,0.0113434224189082,0.2839539924848683,0.0716242053840733,0.2810873941027162,0.609603482660865,0.0175439923121456,0.0548144063428987,0.2558635985297995,0.0515513939193532,0.61083984375,0.667236328125,0.21484375,0.2288818359375,0.2147444188594818,0.0804443359375,0.2100830078125,0.720703125,0.28369140625,0.011322021484375,0.2892713844776153,0.072357177734375,0.280517578125,0.6181640625,0.01763916015625,0.0525135062634944,0.259033203125,0.0511474609375,0.5867919921875,0.64013671875,0.16015625,0.2125244140625,0.1573260053992271,0.064697265625,0.1915283203125,0.6844482421875,0.245574951171875,0.0104503631591796,0.2197363227605819,0.059234619140625,0.2587890625,0.5576171875,0.016571044921875,0.0376742156222462,0.223602294921875,0.045989990234375,0.6298828125,0.697265625,0.28515625,0.2427978515625,0.2673125714063644,0.093994140625,0.227447509765625,0.76025390625,0.3564453125,0.012176513671875,0.3468710780143738,0.0841064453125,0.30126953125,0.65869140625,0.01873779296875,0.0696366745978593,0.291748046875,0.05670166015625
9,Syzygium Polyanthum,68.92522765631756,0.0960652724762468,272.2244873642948,12.000481223778266,0.0001717614096215,0.9023087328544588,0.0130791327665749,79.27557797202208,0.0967324364069572,271.5974173151927,11.953432224456774,0.0001747167975976,0.900761820829466,0.0131920088952198,31.74140869859141,0.0967365131896775,251.30965548068656,11.669064903814435,0.0002418344734899,0.8248348117543416,0.0155197022472473,30.892441794404466,0.2532794895489672,34.00142207662726,3.9000376953678737,0.0009508924403181,0.9527593031910372,0.0307529426043922,45.809698045599966,0.2661849975775349,34.34244696225964,3.690306967665389,0.0008784617301038,0.9639595319721151,0.0295600944465388,0.5685155815631541,0.6527586229804422,0.2680212830324437,0.2716638649901066,0.2535233147754244,0.1423493325928628,0.2549013881393904,0.7547796883176348,0.3333801045959249,0.0144651330122456,0.3630236342525931,0.1422646147739444,0.3653688759157509,0.6120343570120356,0.0174266368041545,0.054491461048313,0.3570461462830324,0.0518613518875098,0.58251953125,0.666015625,0.265625,0.276123046875,0.252681016921997,0.1427001953125,0.259765625,0.75341796875,0.306396484375,0.0148391723632812,0.3671448826789856,0.1456298828125,0.370361328125,0.61181640625,0.0175323486328125,0.0507273338735103,0.3427734375,0.052520751953125,0.509765625,0.5966796875,0.1953125,0.238525390625,0.2084611132740974,0.12255859375,0.221923828125,0.7158203125,0.25439453125,0.0117111206054687,0.3139235973358154,0.116943359375,0.327880859375,0.55322265625,0.0131988525390625,0.0393843287602067,0.29833984375,0.04034423828125,0.63232421875,0.71484375,0.33203125,0.302734375,0.2990563064813614,0.16162109375,0.28955078125,0.79736328125,0.392578125,0.0168609619140625,0.4166532531380653,0.1669921875,0.40576171875,0.671875,0.0211944580078125,0.06631032936275,0.4228515625,0.062347412109375
10,Cinnamomum Iners,88.76948044645252,0.0792930562156218,408.8082269685402,14.79710053546848,0.0001260115340608,0.885030554763103,0.0112002873068326,94.96063491007956,0.0834121539681916,403.30212574677614,14.62075071339455,0.0001480177331725,0.8858910435330586,0.0121339348421187,29.70509416410161,0.074799031492411,386.4915611261218,14.775759144544748,0.0001573903466687,0.8082335844678699,0.0125197209248817,36.77131464729152,0.1620263985358284,78.93873115819122,6.549940374956855,0.0004158342340268,0.93748475339227,0.0203333703117748,50.18128067115392,0.1781600013688767,61.43855260029589,5.769601058695536,0.0004763778011151,0.9513102262204728,0.021763888445238,0.7111503519448554,0.7541571661340366,0.2546296131629865,0.2554952527532556,0.2966892219071761,0.0720849329879463,0.2952894938354816,0.6134292182253728,0.1726640064063804,0.0169236440562326,0.3904457368349265,0.0753826884093075,0.3905862874367483,0.3695934818695344,0.0285996897953831,0.0828963813122642,0.1748480162550714,0.0795036285235981,0.72314453125,0.7685546875,0.2421875,0.248779296875,0.2942381650209427,0.068084716796875,0.2978515625,0.611328125,0.158447265625,0.0169830322265625,0.3929956406354904,0.0716552734375,0.39501953125,0.366455078125,0.0287628173828125,0.0780785158276557,0.1658935546875,0.08026123046875,0.6669921875,0.71533203125,0.1640625,0.228515625,0.2232328094542026,0.055908203125,0.262939453125,0.56640625,0.133544921875,0.0149612426757812,0.3225492388010025,0.05682373046875,0.357177734375,0.322509765625,0.0243072509765625,0.0525932563468813,0.14208984375,0.06854248046875,0.76025390625,0.8037109375,0.3359375,0.278564453125,0.3701537847518921,0.08270263671875,0.331298828125,0.66064453125,0.192138671875,0.018951416015625,0.4651826918125152,0.08929443359375,0.430908203125,0.409423828125,0.033111572265625,0.1084533166140317,0.1962890625,0.0908203125
11,Clausena Excavata,68.97024869757689,0.0871879903575209,301.1794369168468,12.812201560926605,0.0001865345409444,0.8739321157271318,0.0136324282039778,82.74815331223965,0.0874601980742967,303.73289130968266,12.844004610143104,0.0001878327203388,0.8778926232651577,0.013679152581003,25.795200674901984,0.0888531185221427,272.5690146360592,12.335078746308804,0.0002501933807807,0.7972299981519975,0.0157875980657743,34.81676878576941,0.2184448160170923,39.43148265236276,4.548630212937585,0.0007482517096782,0.9512888908846632,0.0272705577762025,49.689668489633625,0.2165017122620585,40.07044693502439,4.580738866244701,0.0006999510902478,0.9573853769563172,0.0263785225101044,0.5697427619485295,0.6751993910845588,0.2194738051470588,0.2178817210477941,0.2873931911763023,0.0963983531278722,0.2845529067095588,0.734298828125,0.3022515510110294,0.0137820461497587,0.3978377379810109,0.0918592816521139,0.3954094669117647,0.6205234662224265,0.0152482353659237,0.0591864273110952,0.3024132869944853,0.0555088788200827,0.57568359375,0.68115234375,0.21484375,0.212890625,0.2894642949104309,0.09747314453125,0.281005859375,0.7314453125,0.290283203125,0.0137939453125,0.3990063667297363,0.091064453125,0.39208984375,0.62548828125,0.0152969360351562,0.0590654555708169,0.303466796875,0.055450439453125,0.5419921875,0.64306640625,0.15234375,0.2015380859375,0.2378146685659885,0.08050537109375,0.255859375,0.7060546875,0.255126953125,0.0125045776367187,0.3433701619505882,0.0740966796875,0.36376953125,0.59375,0.013702392578125,0.046093706972897,0.275390625,0.049560546875,0.6025390625,0.712890625,0.28125,0.230712890625,0.3402034640312195,0.112060546875,0.318115234375,0.7646484375,0.33990478515625,0.015228271484375,0.4543033987283706,0.10919189453125,0.43212890625,0.6533203125,0.016998291015625,0.0720277167856693,0.331787109375,0.0618896484375
12,Cinnamomum Iners,92.43246971004848,0.096246065583473,276.4835394915823,12.09902051078418,0.0001776391705152,0.894014133764252,0.0132997045748952,102.29701079766028,0.1031910232894992,264.18556390682085,11.7608873551205,0.0002277961472496,0.8934908410691293,0.0150545195511336,40.88867022930542,0.0871641234828938,286.83304812203926,12.608618116290392,0.000178139047313,0.854489127336691,0.013318690365438,50.026499846121126,0.161603166825711,78.003658320148,6.501620998273559,0.0003386404914373,0.9568609053972256,0.0183515678390514,65.7323404607805,0.173697725443723,64.72879014936626,5.929586614610663,0.0003974300349684,0.9635101723531214,0.0198817962282258,0.7327169996692289,0.8044853259671119,0.3354971805695564,0.3364525185861895,0.3970153660031276,0.0781077426479708,0.3989888271208732,0.5885890689972908,0.1453070351385301,0.0229171245328841,0.5105733739647774,0.0846809928647933,0.5133704154722152,0.4011009413196194,0.0313850685857957,0.0957757855347553,0.1955413553791661,0.0931691828081684,0.73828125,0.81298828125,0.33984375,0.33935546875,0.4055948704481125,0.07708740234375,0.406494140625,0.59326171875,0.140625,0.02294921875,0.5233289897441864,0.08355712890625,0.52197265625,0.4033203125,0.0308074951171875,0.0941103734076023,0.1937255859375,0.0941162109375,0.6982421875,0.7607421875,0.25390625,0.301513671875,0.3136088848114013,0.061676025390625,0.33392333984375,0.54638671875,0.115966796875,0.0194854736328125,0.433094784617424,0.06646728515625,0.450927734375,0.35302734375,0.0270233154296875,0.0688895136117935,0.1646728515625,0.0777587890625,0.775390625,0.8564453125,0.421875,0.370849609375,0.484577402472496,0.093017578125,0.465087890625,0.6376953125,0.1712646484375,0.0264892578125,0.5968597084283829,0.102783203125,0.57861328125,0.45654296875,0.03515625,0.1180827114731073,0.2254638671875,0.1077880859375
13,Cratoxylum Formosum,106.76402576763483,0.1306267006720332,266.71691901395894,10.825020255665734,0.0003453841525127,0.8940257955698492,0.0185313876458348,114.60900665410252,0.1507308035265786,255.9500867354139,10.392463329022366,0.0009402683260713,0.8809100365642395,0.0305680695309311,37.42480506179501,0.0935239284731034,284.77866704061233,12.213291354255094,0.000168355685555,0.881073367095905,0.0129421049159542,53.22221301952317,0.1588581055330065,98.0155698119502,6.933336390411503,0.0003616367070784,0.937990679907052,0.0189571142041627,66.19590187035975,0.1800644007115178,78.37086109716857,6.080620746928016,0.0004528244071175,0.9427291166519074,0.0212125864909161,0.8194505577638868,0.8627115898204254,0.3088855525219987,0.3093475840512796,0.4177557998201338,0.0701709461991401,0.4166211946440672,0.5597185749890743,0.1339035247572557,0.024666024393289,0.5081102715035998,0.0790236589070913,0.5072916602728728,0.3142776153583634,0.044893473248149,0.1271179931042487,0.1430051538646033,0.1242086131193591,0.8271484375,0.86669921875,0.30078125,0.310546875,0.4172470420598984,0.06781005859375,0.41357421875,0.55810546875,0.1201171875,0.02459716796875,0.5113933086395264,0.07666015625,0.5048828125,0.307373046875,0.04449462890625,0.1201586984097957,0.137939453125,0.1207275390625,0.77734375,0.83056640625,0.2109375,0.2666015625,0.3435545116662979,0.05438232421875,0.372314453125,0.505859375,0.09527587890625,0.021453857421875,0.4415301457047462,0.060943603515625,0.46435546875,0.260498046875,0.036407470703125,0.0892936140298843,0.113037109375,0.103759765625,0.86669921875,0.90185546875,0.3984375,0.353271484375,0.4936783239245415,0.08416748046875,0.45654296875,0.6142578125,0.15869140625,0.02777099609375,0.5806794315576553,0.09527587890625,0.54931640625,0.360107421875,0.0517578125,0.1589625105261802,0.1678466796875,0.1405029296875
14,Alstonia Angulstiloba,106.83967334593044,0.142867268893428,210.52063200503585,9.492963958363962,0.0004686532087818,0.8888011921633961,0.0216020402794194,116.19594807805603,0.153390890287055,209.57434714978808,9.310364461669105,0.0007076594070881,0.8937251853666422,0.0265478775094449,40.004441872954345,0.1188216461980181,208.1699795435654,10.082674850329626,0.0003360518285544,0.8228950852967409,0.0182910617304376,54.840113870176296,0.1439449523035923,97.8944492903308,7.329784023381627,0.0003947133742769,0.9359349307754774,0.019814649712179,60.62090787110279,0.1872060012399602,57.363563078715096,5.519650372635373,0.000690228367879,0.9437723050184448,0.0261992846461564,0.8087288221631942,0.870138618396757,0.3159490072507144,0.3163918480225269,0.4234306803274552,0.071872082862963,0.4218570411348007,0.5693910327244608,0.1380515369271794,0.0276025794340006,0.453862492095803,0.0900157763616011,0.4528494201646013,0.3698233859809916,0.0443278390983545,0.1352366833353824,0.1589963144986079,0.1319470896521636,0.8203125,0.88671875,0.32421875,0.31591796875,0.4439619779586792,0.0699462890625,0.433837890625,0.56982421875,0.13232421875,0.027984619140625,0.4712939411401748,0.08642578125,0.4638671875,0.3662109375,0.04498291015625,0.1413972601294517,0.1539306640625,0.1353759765625,0.77490234375,0.837890625,0.25390625,0.29638671875,0.3557798117399215,0.053924560546875,0.384765625,0.51318359375,0.103515625,0.025177001953125,0.4036614671349525,0.06591796875,0.423095703125,0.31640625,0.039581298828125,0.1065647918730974,0.1258544921875,0.11865234375,0.853515625,0.91650390625,0.3828125,0.3369140625,0.509256049990654,0.0867919921875,0.4697265625,0.6240234375,0.1619873046875,0.030517578125,0.5225026905536652,0.1099853515625,0.492919921875,0.41650390625,0.049835205078125,0.167556919157505,0.1864013671875,0.1485595703125
15,Spathodea Campanulatum,101.48480420779032,0.0964990326843202,341.8366643594516,13.208793682737976,0.0002046317036706,0.8702962721401841,0.0142733847073662,107.87827546093384,0.107788385452042,334.6300835444911,12.913695833655602,0.0003422764129161,0.8605107336955142,0.0184469060862731,57.698608855662286,0.0827099597955119,363.5236223476985,13.940071742170424,0.0001471065086011,0.8608316064104907,0.0121025990976144,46.67158845731029,0.1312119073435003,123.94472459942054,8.156180451998118,0.0003253829727326,0.91509238557395,0.0179903332571465,59.64135315371272,0.1460961498780452,103.8154639266539,7.343915362841615,0.0003707452599471,0.9303610612337668,0.019201577939898,0.7985618550834352,0.8370383892514661,0.4728923767251741,0.4713672010588709,0.3753655687898128,0.0701920910286334,0.3723031861080099,0.4600153576473975,0.068817899461134,0.0317585635880892,0.467295318328873,0.0754259995503514,0.4647163876804179,0.2715689269554077,0.0536308427704424,0.122950439108111,0.1414399823712417,0.1192667610765452,0.80419921875,0.84326171875,0.48046875,0.468017578125,0.3737467676401138,0.069091796875,0.369140625,0.4619140625,0.0672607421875,0.031646728515625,0.4687394350767135,0.073638916015625,0.4599609375,0.26953125,0.053009033203125,0.117925114929676,0.141845703125,0.11932373046875,0.765625,0.81005859375,0.3828125,0.426025390625,0.3081645742058754,0.056671142578125,0.3408203125,0.4140625,0.052459716796875,0.0283660888671875,0.404071144759655,0.059661865234375,0.428466796875,0.2303466796875,0.045440673828125,0.0891226399689912,0.12158203125,0.107666015625,0.83984375,0.87158203125,0.5703125,0.51708984375,0.4417157396674156,0.08135986328125,0.40380859375,0.5087890625,0.0822296142578125,0.035125732421875,0.5361512005329132,0.089111328125,0.498779296875,0.310791015625,0.061248779296875,0.1512969546020031,0.160400390625,0.1312255859375
16,Clausena Excavata,76.34202333950053,0.0931186143616748,323.0082694179467,12.80056416772484,0.0001744823237659,0.9074444866486412,0.0131803824332504,89.2551306761323,0.0934001753800967,331.33029901418365,12.895061290134766,0.0001777514175628,0.9169512918496134,0.0133034116737703,24.768086166227413,0.0930205620441528,269.6607442853835,12.103513453461694,0.0002490459096988,0.7902704689685495,0.0157473945331153,39.26196690728698,0.1857592289342859,62.7318214040146,5.756724746078081,0.0004220823525236,0.9648485827828434,0.0204853719919579,54.12217936236302,0.1809140673913791,66.0122419594855,5.870650014495047,0.0003691985245474,0.9730252288413804,0.0191596522197572,0.6149684505857073,0.7120175273244971,0.2085256532599378,0.2075839376291201,0.3176862384767125,0.0743288963691452,0.3123761999329915,0.6943757839809848,0.2645732798300971,0.0145713157698769,0.4248832379268508,0.0667884200891216,0.4194007578430535,0.547090202387948,0.0170613955317184,0.0663642993591357,0.2503007009815431,0.0622644184308331,0.630859375,0.73095703125,0.203125,0.207275390625,0.3376373052597046,0.0714111328125,0.319091796875,0.69775390625,0.251220703125,0.0147705078125,0.4509001076221466,0.06317138671875,0.427001953125,0.55322265625,0.017425537109375,0.0688597708940506,0.247802734375,0.0633544921875,0.5791015625,0.67236328125,0.140625,0.192626953125,0.2443197816610336,0.056243896484375,0.2666015625,0.654296875,0.211669921875,0.0130691528320312,0.344497412443161,0.0482177734375,0.361328125,0.5068359375,0.0146865844726562,0.0481062466278672,0.2088623046875,0.05419921875,0.671875,0.77978515625,0.26953125,0.2220458984375,0.4043120145797729,0.0899658203125,0.365966796875,0.736328125,0.30419921875,0.01641845703125,0.5263256430625916,0.08270263671875,0.485107421875,0.59228515625,0.0198211669921875,0.0856842137873172,0.28857421875,0.07275390625
17,Syzygium Polyanthum,91.6068766383155,0.0817093264955235,350.5222568210733,13.859337927268225,0.0001672210305824,0.8532962368652672,0.0129095678245874,101.000709805283,0.0855271842818698,339.3735584826079,13.56589174023619,0.0001947023020864,0.8498445064426468,0.0139257048689781,40.23760322472004,0.0754878776019761,367.19107316068585,14.44893128135002,0.0001715883452971,0.8067767722294101,0.0130768195031153,46.1113081600681,0.1552527821450037,78.71375961672551,6.60501171310042,0.0004246020880942,0.9350348383125018,0.0205538280502064,65.32443454279216,0.1699180097051619,68.35899610562066,6.074581168068939,0.0004640112489612,0.945770916153162,0.0214856655202334,0.7439350088709803,0.809838036445999,0.3470342589274585,0.3448480089956219,0.3797979381798613,0.0782197269733062,0.3739410632420074,0.6252293972456142,0.1668730422800561,0.0212187683227189,0.5163522309478673,0.0843167096380133,0.5121275174206188,0.44718821084694,0.0284275633578851,0.0887262230645203,0.2029290986777273,0.0840711768363221,0.748046875,0.81591796875,0.34765625,0.347900390625,0.3828851282596588,0.0780029296875,0.375,0.62744140625,0.16162109375,0.0214691162109375,0.5224907696247101,0.08245849609375,0.51220703125,0.44580078125,0.0285797119140625,0.0861636102199554,0.1993408203125,0.08428955078125,0.71240234375,0.775390625,0.265625,0.32672119140625,0.3124861195683479,0.063720703125,0.33447265625,0.59326171875,0.1365966796875,0.0193023681640625,0.4532452598214149,0.06842041015625,0.4697265625,0.409423828125,0.0252685546875,0.0642493404448032,0.172607421875,0.07330322265625,0.7783203125,0.84765625,0.42578125,0.36474609375,0.4487513452768326,0.09149169921875,0.409912109375,0.6591796875,0.189453125,0.0232696533203125,0.5857749879360199,0.09722900390625,0.54931640625,0.480712890625,0.031463623046875,0.1101413127034902,0.2288818359375,0.09295654296875
18,Sandoricum Koetjape,88.98689642144984,0.0892500827913696,382.2269221620723,14.203438301998707,0.000138505947227,0.9191431488683474,0.0117340122580754,97.44978982373254,0.0981307451857521,361.9601547487866,13.7340924309774,0.0002582726802088,0.902229462304038,0.0160059303210914,35.185282784537634,0.0751608908361563,390.6171242314736,14.763192741487304,0.0001300473812283,0.8708996850157539,0.0113781450517463,43.41364226015128,0.1620486855855222,92.66452129873848,6.964690299836566,0.0003184187653038,0.9568027986350648,0.0177907145981445,61.317298879138704,0.1745441933690277,72.64277763650972,6.13507411057159,0.0003458094215867,0.9659667098215988,0.0185386972008102,0.704982105020416,0.7629361001118524,0.2963879567856237,0.2987532341617277,0.3474799218148993,0.0684357397132342,0.3469092992611073,0.5795263479979478,0.151349341732332,0.0189764322341495,0.4784815607490452,0.0736350707503248,0.4793610176256656,0.3620303465435036,0.0290827038644374,0.0798012145938459,0.1974624362323959,0.0767419816997907,0.72265625,0.7783203125,0.27734375,0.28759765625,0.3455284833908081,0.0638427734375,0.351318359375,0.5830078125,0.138427734375,0.018829345703125,0.4887147694826126,0.07000732421875,0.486572265625,0.3447265625,0.0281219482421875,0.0724947415292263,0.1846923828125,0.07659912109375,0.63525390625,0.7044677734375,0.18359375,0.25244140625,0.2503503412008285,0.05047607421875,0.284912109375,0.5185546875,0.1023406982421875,0.0155410766601562,0.3944179639220238,0.0537109375,0.418212890625,0.28369140625,0.0209503173828125,0.0472041107714176,0.150634765625,0.06024169921875,0.7822265625,0.82958984375,0.3984375,0.33251953125,0.4400555938482284,0.08056640625,0.40478515625,0.640625,0.1859130859375,0.022003173828125,0.572005569934845,0.08843994140625,0.541015625,0.41259765625,0.03533935546875,0.1045481208711862,0.22607421875,0.0916748046875
19,Sterculia Parviflora,92.85612980999728,0.0927250211709288,270.24502680264305,12.175911358034908,0.0001877492500283,0.8721461588313713,0.0136733046425589,103.87925400291098,0.0987085205774477,259.7571514411836,11.865279552893938,0.0002326812279136,0.859940542978576,0.0152194670155683,31.44252698646606,0.0857102549884002,288.2491715898032,12.750503098361651,0.0002109485108228,0.824930585665122,0.0144952728115526,48.20002573366807,0.1567299372628918,81.08484576372507,6.649883729087317,0.0004231295299021,0.9368483980899656,0.0205159872090852,66.2248525531293,0.1722940828192323,67.74517460614733,5.961121391892476,0.0004890500996123,0.9513915008487882,0.0220545423916616,0.74053544204895,0.8183239728715426,0.2595725766473459,0.2589272325883097,0.3910546104128413,0.0771322981574706,0.3892047068246962,0.6490485591085456,0.202394396642468,0.0197178066952674,0.5227186014348835,0.0826178048959902,0.5213663513543574,0.4531667700428679,0.026811760713687,0.0900338208023477,0.2105565950689651,0.0867245348095772,0.7431640625,0.82080078125,0.25,0.25634765625,0.3904353380203247,0.07550048828125,0.390380859375,0.653076171875,0.191650390625,0.0196685791015625,0.5265925824642181,0.08013916015625,0.525390625,0.455810546875,0.026336669921875,0.087160088121891,0.2095947265625,0.086212158203125,0.70947265625,0.7958984375,0.1796875,0.2393798828125,0.3273762613534927,0.0625457763671875,0.35986328125,0.60400390625,0.156463623046875,0.01812744140625,0.4656556993722915,0.0672607421875,0.4921875,0.40087890625,0.0233917236328125,0.0675181448459625,0.183349609375,0.078857421875,0.77392578125,0.8466796875,0.33203125,0.276611328125,0.4527456685900688,0.089599609375,0.420166015625,0.6953125,0.2337646484375,0.021240234375,0.5840938985347748,0.09613037109375,0.55419921875,0.50927734375,0.0298004150390625,0.1079281996935606,0.2364501953125,0.09442138671875
20,Alstonia Angulstiloba,103.90374814969044,0.13187376043515,141.1238812216531,8.523477254068519,0.000397522349735,0.8789317670395451,0.0198972015926963,118.62558778571474,0.1488988999769583,130.58128928949222,8.046690293742952,0.0006903982475843,0.8686801070317595,0.0262071209922208,36.82715844522892,0.1116771302469271,169.20077617242714,9.6431114082627,0.0003155201784993,0.8585791984539592,0.0177256943645193,62.14191626713149,0.1603771386225772,72.05318501884933,6.286807399155698,0.0005417506151419,0.9239343808610064,0.0232203948081063,76.16237657193972,0.1878397108692487,52.891791757159005,5.29145127715235,0.0006785517467847,0.9408700447105722,0.0259854471673942,0.7993773233632857,0.8997992644673457,0.3094197174523606,0.3085507597939553,0.4910285284827475,0.1125792610767351,0.4886910917002186,0.6693283237288022,0.2062180537548217,0.0282635340511595,0.5893149183533315,0.1295773884813397,0.5876984545259617,0.4617398901061664,0.0369226659659775,0.1324652877817697,0.228804101607634,0.1288247508807393,0.8046875,0.904296875,0.30859375,0.3134765625,0.4925656765699386,0.1126708984375,0.490966796875,0.6767578125,0.20166015625,0.0283966064453125,0.5926863253116608,0.129150390625,0.58837890625,0.46533203125,0.037109375,0.130748376250267,0.23095703125,0.1287841796875,0.7734375,0.87841796875,0.24609375,0.279296875,0.4416377395391464,0.0960693359375,0.45751953125,0.63916015625,0.17236328125,0.0264434814453125,0.5435619503259659,0.1094970703125,0.55322265625,0.424560546875,0.03363037109375,0.1108679007738828,0.201171875,0.11822509765625,0.82666015625,0.92431640625,0.3671875,0.340576171875,0.5412313491106033,0.1297607421875,0.52294921875,0.70751953125,0.2310791015625,0.030120849609375,0.6366492807865143,0.1497802734375,0.62744140625,0.50390625,0.0400390625,0.1517018973827362,0.259765625,0.1395263671875
21,Claoxylon Indicum,82.97115430934285,0.0848666838724305,337.8123005669559,13.625320156113125,0.0001560618512531,0.8677612572182192,0.012465543922789,97.92547218682664,0.0888951062615648,334.6257924548658,13.498858586604555,0.0001734342460513,0.8682768503389354,0.0131385270434955,31.527955125427763,0.0810669898814769,325.0296563534624,13.569105399849343,0.0001745855941257,0.8227355809496821,0.0131855841882073,35.483005948977635,0.1824962319892152,57.75565380981426,5.604513616305571,0.000626597262033,0.9274939194038264,0.0249593761882561,50.81671388679654,0.1898204372242024,56.344503705656834,5.440974723704905,0.0006445899824701,0.940061760970052,0.0253131225584867,0.6527964855426851,0.7656087225273467,0.259235129645097,0.2593444248246641,0.2749312509123792,0.0979296039929878,0.272649756182778,0.6739857195550158,0.212013777224234,0.0152051543429241,0.3845870591322111,0.0966087209613107,0.3834304429464495,0.5483603712528757,0.0177249197425795,0.0662201983638225,0.2443877009362773,0.0625899026279439,0.66162109375,0.7783203125,0.25390625,0.260498046875,0.2805373221635818,0.096435546875,0.274658203125,0.6767578125,0.204833984375,0.0153045654296875,0.3938137292861938,0.09515380859375,0.3857421875,0.5498046875,0.0180511474609375,0.0650307647883892,0.242919921875,0.06402587890625,0.6337890625,0.75048828125,0.1796875,0.243408203125,0.2279796376824379,0.08258056640625,0.2587890625,0.64208984375,0.173828125,0.0141143798828125,0.3398031517863273,0.0789794921875,0.367431640625,0.5126953125,0.0163116455078125,0.0480924760922789,0.216552734375,0.0586013793945312,0.6875,0.80078125,0.3359375,0.27685546875,0.3272654339671135,0.11346435546875,0.2958984375,0.708984375,0.241943359375,0.0165252685546875,0.4406991228461265,0.1129150390625,0.410400390625,0.58544921875,0.01959228515625,0.0830274634063243,0.26904296875,0.06903076171875
22,Bridelia Sp.,87.80873494153188,0.0835380019312216,339.6370434340435,13.64690959609214,0.0001651516104514,0.845183304225203,0.0128237402875661,93.8070843497406,0.0841708100808425,346.15678220850555,13.731751341581736,0.0001515814245384,0.8655777131788424,0.0122839929606895,37.11561009055913,0.0803435662549041,328.1252264086294,13.59112266794716,0.0001936515565498,0.7879691785380258,0.0138885260691474,30.695178367579665,0.1949355820587299,48.335548296014565,5.150480543435442,0.0006835716670871,0.9355544570726804,0.0260732794986669,43.06991882371208,0.1968956556059565,47.55805974278314,5.090165260987631,0.0006166177668836,0.9476556364362104,0.0247637802590467,0.7045686112986861,0.7356761552277161,0.3168332437141523,0.3160539769293134,0.2353220385731228,0.1008518092295512,0.2325761929120606,0.6773468501984127,0.2254850935328558,0.0141053936935288,0.3211708286414647,0.0994133765465007,0.3197308545814159,0.5493749013277186,0.0213773759727686,0.0584746324859409,0.2519222512409912,0.0546574424040449,0.7099609375,0.74072265625,0.3125,0.31494140625,0.226369097828865,0.09619140625,0.2296142578125,0.68115234375,0.2181396484375,0.0138778686523437,0.3134905099868774,0.0953369140625,0.3134765625,0.5498046875,0.021453857421875,0.053685400635004,0.24560546875,0.054443359375,0.67431640625,0.69140625,0.2421875,0.293701171875,0.1779673881828785,0.07830810546875,0.1995849609375,0.6396484375,0.1842041015625,0.0122299194335937,0.2610208541154861,0.074951171875,0.281982421875,0.51123046875,0.0191802978515625,0.037280710414052,0.21142578125,0.0457763671875,0.7392578125,0.78271484375,0.38671875,0.336669921875,0.2874413207173347,0.12017822265625,0.262451171875,0.712890625,0.25341796875,0.01580810546875,0.3792139366269111,0.12188720703125,0.35205078125,0.58984375,0.0237274169921875,0.0761591624468565,0.286865234375,0.06304931640625
23,Pometia Pinnata,93.84061581001696,0.1242825470084874,190.05314786107803,9.609281954657796,0.0002374717157023,0.9334915680846012,0.0153753414799215,107.1350634822586,0.1387567371190732,181.8676137428417,9.270096408152977,0.0004163829302269,0.9199259308749038,0.0203527474665895,22.27054393873721,0.1142503572875541,189.31243150875923,9.913208206510737,0.0003470961608643,0.8926755348826716,0.0185853046536974,44.58410645241405,0.2101821116341904,49.49377231029148,4.922437502530718,0.0006231902991675,0.9628782957935296,0.0248940503400069,61.29958670547026,0.2342884008248205,43.83766702652371,4.40444732117216,0.000773915100375,0.9717648466370672,0.0277431191132034,0.7218952054724815,0.8209119325506133,0.1743683510638297,0.1745232247912878,0.3590589629674651,0.1073718963371273,0.3530626052677553,0.759191051753148,0.3519656156075296,0.0150680508864117,0.4830152791404318,0.1159779527525874,0.4774892908875651,0.5073261269268345,0.0223716971049141,0.0777332214856964,0.2598875893026758,0.0741372416964624,0.72509765625,0.822265625,0.1640625,0.1707763671875,0.3542048782110214,0.10760498046875,0.34423828125,0.75244140625,0.325927734375,0.0149650573730468,0.4826062619686126,0.11688232421875,0.470703125,0.543212890625,0.0205230712890625,0.0754540972411632,0.262451171875,0.07098388671875,0.6728515625,0.78369140625,0.109375,0.15087890625,0.3067939653992653,0.08251953125,0.3154296875,0.71826171875,0.274658203125,0.013763427734375,0.4365140274167061,0.0893402099609375,0.442626953125,0.461181640625,0.017913818359375,0.0606572870165109,0.226318359375,0.0648193359375,0.765625,0.8623046875,0.22265625,0.1905517578125,0.4142303168773651,0.132568359375,0.394775390625,0.80419921875,0.423828125,0.0163726806640625,0.5397480875253677,0.1417236328125,0.51904296875,0.5908203125,0.0238494873046875,0.0922363698482513,0.2978515625,0.08349609375
24,Sterculia Parviflora,89.70606180447608,0.1077633285144333,230.0057262856878,10.99850094952638,0.000240791308252,0.888252997197969,0.015487745169641,104.04510284721648,0.1156800270785234,221.8017394631476,10.728321538403682,0.0003245587293292,0.8761136843520682,0.017965597501457,30.644388757057524,0.095141201708594,249.84401221597176,11.68416443689712,0.0002276936512641,0.8949787646572055,0.0150607322710036,47.5736458017961,0.190467768405773,56.68180257514294,5.535102765390125,0.0005884466856565,0.9427551443499324,0.0241901676096053,64.03084330421679,0.2066292982112878,45.248141772699306,4.933379560115057,0.0006476709349006,0.9574764655574342,0.0253751403318079,0.7019813939144737,0.8074880040677866,0.2821806714050752,0.2685056127103647,0.4046199673023495,0.081708112157377,0.3903185622136396,0.5993926543042176,0.1444517867009442,0.0204330207709979,0.5311295377664772,0.0838744694128968,0.5163294283070958,0.4565452059408776,0.0260908012103317,0.0937223377474758,0.2172879957614984,0.0875099727085658,0.6982421875,0.806640625,0.2734375,0.26416015625,0.4060082137584686,0.08148193359375,0.392822265625,0.60009765625,0.11920166015625,0.020050048828125,0.5371303856372833,0.085205078125,0.5234375,0.464599609375,0.0252685546875,0.0901940315961837,0.2181396484375,0.086181640625,0.67236328125,0.77685546875,0.17578125,0.22216796875,0.3474753201007843,0.06854248046875,0.35986328125,0.54541015625,0.09417724609375,0.017242431640625,0.4790344461798668,0.0670623779296875,0.482421875,0.41693115234375,0.0222930908203125,0.0708056688308715,0.193603515625,0.07806396484375,0.72998046875,0.833984375,0.37890625,0.3095703125,0.4677619934082031,0.0943145751953125,0.42041015625,0.6611328125,0.187255859375,0.022979736328125,0.5918843597173691,0.1008453369140625,0.55078125,0.50244140625,0.0290412902832031,0.1162243317812681,0.235870361328125,0.09478759765625
25,Calophyllum,110.94961856998486,0.1421872964284705,211.433679544345,10.654132370137644,0.003142484252543,0.8969880692575034,0.0559273913491471,112.56681886854624,0.1355868228713619,199.40819120459747,10.417502549889509,0.0020156525948795,0.8613617339814001,0.0448247530296287,50.13272288586949,0.091153094327019,246.13691157223144,11.863774950539495,0.0002436196448552,0.8917511200752313,0.0155867040825078,45.562535964947074,0.1989176589308331,45.49218252108116,4.97751966455793,0.0007131773314376,0.9509612820217614,0.026636443150166,58.42610510784249,0.2269902304266755,37.92588097037478,4.403232642870102,0.0009162926662349,0.955895729964263,0.0301936275057575,0.8659189792359572,0.8697653218542128,0.4676326912416851,0.4574195653178122,0.4099362932547585,0.0882677527947154,0.3935137267299519,0.4914050951589061,0.0862919820826404,0.0282134558655822,0.498397501063012,0.1102536716729028,0.481108243255728,0.202730639810837,0.0584996710507321,0.1100383218204367,0.1773143466630866,0.1032500115484109,0.87158203125,0.87158203125,0.46875,0.457275390625,0.4152385890483856,0.08892822265625,0.396728515625,0.501953125,0.0875244140625,0.028045654296875,0.5085539817810059,0.10784912109375,0.485107421875,0.197509765625,0.058258056640625,0.1049268245697021,0.1956787109375,0.1011962890625,0.85009765625,0.85400390625,0.36328125,0.4287109375,0.3633738756179809,0.06976318359375,0.37353515625,0.445556640625,0.06854248046875,0.0260772705078125,0.469826191663742,0.081787109375,0.461669921875,0.166259765625,0.05059814453125,0.0814489126205444,0.13916015625,0.0948486328125,0.88427734375,0.88427734375,0.5625,0.486572265625,0.4566821157932281,0.10614013671875,0.42138671875,0.55029296875,0.10198974609375,0.0302886962890625,0.5391692519187927,0.137939453125,0.509765625,0.2288818359375,0.06524658203125,0.1298983097076416,0.2161865234375,0.11083984375
26,Pennisetum Purpureum,81.30653112186961,0.084163381941766,313.8859327127145,13.236256755531867,0.0001690383732905,0.8452712844250165,0.0129717071715697,94.2289763652698,0.0865437870141979,308.8587419388723,13.099385754915811,0.0001832886072269,0.8336593307061425,0.0135074349698191,42.11038380282237,0.0802346477142136,327.7513789975358,13.623616207916552,0.0001648694227224,0.8352393455224587,0.012810809545902,28.26950946864108,0.2237444841536671,30.953331377336447,4.203916228479001,0.0012150311750903,0.9217550884099506,0.0347618066740264,42.94981304518132,0.2058861806032969,40.5609281200467,4.754585949396549,0.0008411303437326,0.9379679324256928,0.0289185080777608,0.6531420913127068,0.7476237199510191,0.3483462484017749,0.348932896509641,0.221288373714277,0.1355417210272503,0.2190232810560977,0.6675629763826997,0.2043720598829065,0.0151052967305648,0.3288654115350264,0.1145774990499521,0.3263819450075446,0.5803062135992497,0.0178620175477543,0.057544516056841,0.3245963370900435,0.0543229209817273,0.650390625,0.74658203125,0.34375,0.3466796875,0.2217404246330261,0.1339111328125,0.2177734375,0.6708984375,0.2003173828125,0.0150680541992187,0.3353503495454788,0.110595703125,0.324951171875,0.591796875,0.01727294921875,0.0548819787800312,0.331298828125,0.052276611328125,0.6162109375,0.71923828125,0.26171875,0.320556640625,0.1868961118161678,0.11273193359375,0.2008056640625,0.6357421875,0.167724609375,0.013824462890625,0.2861712425947189,0.09124755859375,0.299072265625,0.5478515625,0.015228271484375,0.0439777206629514,0.2861328125,0.0482177734375,0.685546875,0.7724609375,0.43359375,0.376953125,0.2552463412284851,0.157958984375,0.2335205078125,0.703125,0.234375,0.01641845703125,0.3782476112246513,0.1346435546875,0.3525390625,0.62939453125,0.0196075439453125,0.0676537286490202,0.370361328125,0.057281494140625
27,Sterculia Parviflora,117.06763420724066,0.2015987791530517,105.30789813295078,6.82013634642082,0.0010987843530355,0.902668042657433,0.0330540280093131,115.33548619001502,0.2009700037229462,109.18109666287808,6.870215601284824,0.0010303359356644,0.9086816159438128,0.0320274324408033,44.5267227412362,0.1472825643777662,142.92098605675028,8.407777146544058,0.0005822627657115,0.8537141236021756,0.0240857483808705,40.66655690218672,0.2448541263530125,71.78313765096868,5.578749877260054,0.0015667969684702,0.9540285558886272,0.0394677531238254,49.41395779853821,0.2504089280710031,49.453366227608015,4.7530435971888245,0.0013922533809478,0.956658291364754,0.0372065882369407,0.8503356481481481,0.8460563753858025,0.3347588734567901,0.3394941165123457,0.3311162729175002,0.1200403284143518,0.3052068262924383,0.662833236882716,0.2273411880304784,0.0212190152391975,0.3939308706625008,0.1127118974850501,0.3715013744212962,0.3613963035300926,0.0528442081404321,0.1183190856892385,0.262937915943287,0.1051231553819444,0.85205078125,0.84326171875,0.3203125,0.3408203125,0.3098735809326172,0.099853515625,0.29443359375,0.65966796875,0.19189453125,0.0208282470703125,0.3769512772560119,0.10272216796875,0.361572265625,0.330078125,0.054168701171875,0.1040301620960235,0.2261962890625,0.1019287109375,0.81640625,0.80810546875,0.26953125,0.3203125,0.2533459663391113,0.069580078125,0.25732421875,0.58056640625,0.131103515625,0.0185699462890625,0.335599809885025,0.08148193359375,0.33447265625,0.27490234375,0.04400634765625,0.0808323249220848,0.142822265625,0.0830078125,0.88330078125,0.8818359375,0.40234375,0.358642578125,0.3944224417209625,0.1671142578125,0.346435546875,0.7490234375,0.30859375,0.0232391357421875,0.4448204040527344,0.145263671875,0.404296875,0.468017578125,0.060302734375,0.1458836495876312,0.375,0.12286376953125
28,Campnosperma Auriculatum,92.65470087070824,0.0851251812811448,548.8237936835916,16.180513053233113,0.0001304682875071,0.8717414917915933,0.0113948980015913,101.13960497699046,0.0982567325134952,530.0667163174927,15.750262382229195,0.0003370497349887,0.8684226469638712,0.0182838809712058,59.40955770439778,0.0693665792650346,603.250585936788,17.617867157059976,8.75250474676972e-05,0.8491259303239033,0.0093328982584829,41.31253337255194,0.1428408774704112,183.00477096951505,9.290429087371448,0.0002455328193378,0.9109298004140453,0.0156216706194322,63.64837326281263,0.1360337928627589,204.4838686738005,9.688513748821062,0.0002275813890882,0.9186773240770428,0.0150402699225284,0.7370463731980609,0.7903064359895565,0.4892509962848275,0.489893366948262,0.3335015356111774,0.0664384284740495,0.3313784213465943,0.4857162113881896,0.0912851692666896,0.024828098430321,0.4991241339704775,0.0626242944795356,0.4982456678901959,0.3802610460957166,0.0283547896534272,0.0683913869216477,0.2130422294804826,0.0648030923924534,0.759765625,0.81396484375,0.4921875,0.498291015625,0.3407879322767257,0.0635986328125,0.342529296875,0.478271484375,0.07476806640625,0.025421142578125,0.5196186900138855,0.060882568359375,0.509765625,0.3740234375,0.0291748046875,0.0651418566703796,0.205078125,0.067138671875,0.69677734375,0.7529296875,0.3671875,0.4541015625,0.2473415844142437,0.051361083984375,0.29345703125,0.432373046875,0.05877685546875,0.022003173828125,0.4154140055179596,0.04736328125,0.455322265625,0.333984375,0.02386474609375,0.0422901157289743,0.17724609375,0.055389404296875,0.80322265625,0.85302734375,0.6171875,0.53759765625,0.4199568480253219,0.07763671875,0.381103515625,0.53173828125,0.0985107421875,0.0282745361328125,0.5997900366783142,0.0758056640625,0.556640625,0.41943359375,0.033782958984375,0.0885960571467876,0.2352294921875,0.07623291015625
29,Leea Indica,117.30807454339764,0.1782809237254057,122.95631361819508,7.324283909780044,0.0007057052351159,0.902154627748062,0.0264882055788559,124.0055949688549,0.198961405390006,115.5463383550582,6.949037565265815,0.0015123553965885,0.8957657905830363,0.0387591951147574,38.66302639647768,0.1250895530620315,162.47881308622567,9.115843892154906,0.00030580255086,0.9088843055850347,0.0174406478128139,58.33986085975632,0.1963819620997594,50.356076689891815,5.226689723194978,0.0005656886585701,0.9584515422571194,0.0237159209348569,65.56453916276018,0.2278690445131503,35.11655328357691,4.337461279845001,0.000724143212961,0.9667934011051242,0.0268263224185318,0.8581434461805556,0.8963681821469908,0.290639984292328,0.2984626568183697,0.4170495443558566,0.0808960324242001,0.4319593641493056,0.5395716752955523,0.1250734924639343,0.0291807931566995,0.4663419989543775,0.0931145259312221,0.4815208152488426,0.2738545977880084,0.0626162574404761,0.1536586084176426,0.1433160045159557,0.156020117058325,0.865234375,0.8955078125,0.28515625,0.29931640625,0.4190609902143478,0.0802001953125,0.423583984375,0.54345703125,0.116851806640625,0.028900146484375,0.4656272530555725,0.09210205078125,0.47509765625,0.281005859375,0.06231689453125,0.1565377116203308,0.14404296875,0.1529541015625,0.8369140625,0.8720703125,0.2109375,0.267333984375,0.3490822538733482,0.0607528686523437,0.379638671875,0.47064208984375,0.0838623046875,0.02545166015625,0.4052249565720558,0.0711669921875,0.431396484375,0.2320556640625,0.056732177734375,0.1212129965424537,0.1138916015625,0.139892578125,0.88671875,0.9326171875,0.3671875,0.32958984375,0.4876668527722358,0.096923828125,0.483154296875,0.60302734375,0.150146484375,0.0332412719726562,0.5273471921682358,0.1114501953125,0.53125,0.31622314453125,0.068603515625,0.1848569475114345,0.166015625,0.174591064453125
30,Dillenia Suffruticosa,82.33457385724502,0.1048525369731615,258.7250508275376,11.495184113916483,0.0002355042800373,0.9096529426235486,0.0153180860422593,96.21107799038327,0.1084263197966394,258.64700459201663,11.417419222258832,0.0002579464166862,0.9044541924836732,0.0160314316837985,21.364208878753026,0.1110626479315743,220.2098853258746,10.760708881842556,0.0003483639585676,0.8855574743509808,0.0186227913049041,52.37360220516429,0.1659625358653951,77.67849953646886,6.450792697247092,0.0005074780351577,0.944865315580222,0.022466361750708,68.12570479196789,0.1765125300207892,73.42655057724761,6.197498767011379,0.0005945118677844,0.9509426421546404,0.0243175963616648,0.6628551664806548,0.762468998015873,0.2019500248015873,0.1866543966626364,0.4167058332749302,0.0650582691979786,0.4123197040860615,0.6170668829055059,0.1799568539574032,0.0200459737626333,0.5311058895928519,0.0719163198319692,0.5275480724516369,0.3828758603050595,0.0312192341637989,0.1056020425322155,0.1667269509936136,0.1001106867714533,0.6611328125,0.759033203125,0.1796875,0.168212890625,0.4179153591394424,0.064727783203125,0.407470703125,0.6376953125,0.1793212890625,0.01898193359375,0.5418754816055298,0.07098388671875,0.525390625,0.3773193359375,0.030609130859375,0.0994668006896972,0.1663818359375,0.09893798828125,0.6361083984375,0.7392578125,0.109375,0.154388427734375,0.3597795441746712,0.05535888671875,0.39129638671875,0.56982421875,0.1233978271484375,0.0179595947265625,0.4816334322094917,0.0602035522460937,0.50634765625,0.33251953125,0.0272674560546875,0.0768317747861146,0.1458740234375,0.0919189453125,0.68896484375,0.7861328125,0.26171875,0.214385986328125,0.4859070107340812,0.0738525390625,0.4287109375,0.68310546875,0.2279052734375,0.0220222473144531,0.5942114144563675,0.0822296142578125,0.5445556640625,0.43115234375,0.034271240234375,0.1287370175123214,0.184478759765625,0.10748291015625
31,Sterculia Parviflora,93.06831629241648,0.1098993267773217,181.98533311809217,10.01636519352553,0.0002602317683531,0.8968976190718169,0.0160992096904382,103.9714920258773,0.1143510251742414,176.44706076259322,9.834437767648325,0.0003042032684551,0.8777827889901455,0.0174001706441128,39.18333047506941,0.101833362269572,196.5517224666937,10.532379505537849,0.0002620146416571,0.8694961814795287,0.0161545457844871,54.96644954554461,0.1826970164308493,65.44327979103065,5.816095430061095,0.0005962749391972,0.9366285590005894,0.0243535593873275,70.57571779415787,0.2101206764647074,52.55294816768371,5.071663408997386,0.0008438743414432,0.9339013296552846,0.0289723953275329,0.7233490663883538,0.8062257587984173,0.3121876301541024,0.3128248768416805,0.419875301847367,0.1041906357605921,0.4230172547734017,0.5937186054069268,0.1407528630597846,0.0266910745222734,0.5257135019022839,0.1229485317549572,0.5294139120093191,0.4279488115100153,0.0377793206815072,0.1125524125699231,0.2055864504901929,0.1108684293531666,0.71630859375,0.8046875,0.30859375,0.312744140625,0.4109643399715423,0.10443115234375,0.413330078125,0.59765625,0.14306640625,0.0263824462890625,0.5205721259117126,0.11932373046875,0.52001953125,0.43408203125,0.0357818603515625,0.1072877310216426,0.206298828125,0.1072998046875,0.68505859375,0.7763671875,0.24609375,0.29345703125,0.3719604164361954,0.079833984375,0.3935546875,0.552734375,0.10601806640625,0.0242767333984375,0.4879613891243934,0.09228515625,0.50537109375,0.36492919921875,0.0318603515625,0.0895292665809392,0.166015625,0.098388671875,0.76220703125,0.83544921875,0.3759765625,0.3330078125,0.4599323570728302,0.12744140625,0.448974609375,0.63916015625,0.17041015625,0.0289344787597656,0.5578464567661285,0.153076171875,0.54931640625,0.492919921875,0.043243408203125,0.1302030682563781,0.24072265625,0.1226959228515625
32,Ficus Variegata,104.96998590028772,0.1001343768004322,348.4658173814186,13.334037596052422,0.0002516327597712,0.8571140334015125,0.0158223067582252,114.2531348000512,0.1201480423150037,316.2911582770611,12.477459146723229,0.0006773276936729,0.8191404190129064,0.0259312687955789,47.128716860753975,0.0691523380336433,437.0772102043793,15.726542819747284,0.0001237316551463,0.836200079196703,0.0110987441000868,65.19546091529179,0.1146996938799626,162.93939243543184,9.470141308144932,0.0002361754113257,0.91523739008537,0.0153247579430874,84.04045025033241,0.1503359992651506,101.92673079348984,7.252730140845658,0.0003610299227038,0.9328227246461605,0.0189472298836786,0.8209803684403171,0.8751044711708236,0.3934458223558913,0.3944133489249381,0.5242425929000549,0.0632360819452846,0.522780322011441,0.5077549056270633,0.082838568486436,0.030207737137546,0.6503758429971307,0.0808277853011116,0.6495676965747406,0.2882141764240255,0.0432500152675072,0.1180773936978606,0.1599830547040219,0.1147228054978509,0.8330078125,0.88427734375,0.3984375,0.3935546875,0.53071728348732,0.06231689453125,0.525390625,0.50634765625,0.077880859375,0.0301971435546875,0.660327672958374,0.079010009765625,0.650390625,0.2763671875,0.043914794921875,0.1144258044660091,0.15673828125,0.114990234375,0.7880859375,0.853515625,0.29296875,0.3583984375,0.4416957125067711,0.052490234375,0.477783203125,0.474365234375,0.06689453125,0.0273284912109375,0.5843983441591263,0.065673828125,0.60498046875,0.2447509765625,0.03631591796875,0.0874210502952337,0.1390380859375,0.1036376953125,0.8642578125,0.90625,0.49609375,0.429931640625,0.6134762167930603,0.07281494140625,0.57666015625,0.54052734375,0.09356689453125,0.033355712890625,0.7302916795015335,0.094970703125,0.69921875,0.31787109375,0.050018310546875,0.1441131122410297,0.177490234375,0.126953125
33,Spathodea Campanulatum,99.52256888352508,0.0875508686160659,484.560930048452,15.317109966208813,0.0001721958885982,0.8365364906390224,0.0130930927181762,107.04037258030316,0.1008399386357025,451.9327496409144,14.675896731847434,0.0004021778600997,0.8230531637542906,0.0199817876168288,55.94593956110559,0.0682472554761035,555.8729798628074,17.08058248121602,9.432908833758404e-05,0.8543080314705698,0.009690729523824,39.71067634545287,0.1455143529230461,137.33044966108622,8.089775570477496,0.0003295638978875,0.9027798293295716,0.0181054247536924,55.13375170995442,0.1477092048957584,140.99224956341067,8.029363069466745,0.0003181572193482,0.92080287190448,0.0177879347487883,0.7857122830426096,0.8288873400853259,0.4632431461911178,0.4647341511839835,0.3150050541555053,0.079026676778624,0.3132886435038091,0.504878283323794,0.0921083015136867,0.0230786863181656,0.4276044830037402,0.0763451487750658,0.4269794689338879,0.3577316138751686,0.032479322173339,0.0761724704598231,0.2165021542375217,0.0726385756890131,0.80029296875,0.84228515625,0.47265625,0.474609375,0.3193818628787994,0.0767822265625,0.3173828125,0.501953125,0.081787109375,0.02325439453125,0.4386889338493347,0.07342529296875,0.430419921875,0.35595703125,0.033294677734375,0.073147315531969,0.2125244140625,0.07379150390625,0.748046875,0.7978515625,0.34375,0.410400390625,0.2418212369084358,0.0616455078125,0.274169921875,0.456787109375,0.06439208984375,0.0196075439453125,0.3539459630846977,0.056854248046875,0.3818359375,0.30908203125,0.027252197265625,0.0527065247297287,0.1820068359375,0.0631103515625,0.83642578125,0.87548828125,0.59375,0.52685546875,0.3918087780475616,0.093994140625,0.357666015625,0.5517578125,0.11065673828125,0.0267333984375,0.5130168050527573,0.09307861328125,0.477294921875,0.401611328125,0.03790283203125,0.0963852610439062,0.24609375,0.083251953125
